[80/5172] 31 bed sheet -> 下载失败: HTTP 404
源文件: /Users/lhp/Desktop/tool/王璐语料库_源码.html
输出目录: /Users/lhp/Desktop/tool/语料库源码/audio
计划处理: 5172 个音频文件
并发数: 6，重试次数: 3
[1/5172] 31 ability -> 已存在，跳过
[2/5172] 31 abstract -> 下载完成 (尝试 1 次)
[3/5172] 31 accountant -> 下载完成 (尝试 1 次)
[5/5172] 31 acid -> 下载完成 (尝试 1 次)
[6/5172] 31 action -> 下载完成 (尝试 1 次)
[4/5172] 31 accuracy -> 下载完成 (尝试 1 次)
[7/5172] 31 activity -> 下载完成 (尝试 1 次)
[8/5172] 31 actor -> 下载完成 (尝试 1 次)
[10/5172] 31 adventure -> 下载完成 (尝试 1 次)
[11/5172] 31 advertisements -> 下载完成 (尝试 1 次)
[9/5172] 31 adult -> 下载完成 (尝试 1 次)
[12/5172] 31 advertising -> 下载完成 (尝试 1 次)
[13/5172] 31 advice -> 下载完成 (尝试 1 次)
[14/5172] 31 age -> 下载完成 (尝试 1 次)
[18/5172] 31 aid -> 下载完成 (尝试 1 次)
[15/5172] 31 agency -> 下载完成 (尝试 1 次)
[17/5172] 31 agriculture -> 下载完成 (尝试 1 次)
[16/5172] 31 agreement -> 下载完成 (尝试 1 次)
[19/5172] 31 aim -> 下载完成 (尝试 1 次)
[21/5172] 31 allergy -> 下载完成 (尝试 1 次)
[20/5172] 31 air -> 下载完成 (尝试 1 次)
[22/5172] 31 alley -> 下载完成 (尝试 1 次)
[24/5172] 31 alteration -> 下载完成 (尝试 1 次)
[25/5172] 31 altitude -> 下载完成 (尝试 1 次)
[23/5172] 31 allowance -> 下载完成 (尝试 1 次)
[26/5172] 31 ambition -> 下载完成 (尝试 1 次)
[28/5172] 31 amount -> 下载完成 (尝试 1 次)
[30/5172] 31 analyst -> 下载完成 (尝试 1 次)
[27/5172] 31 ambulance -> 下载完成 (尝试 1 次)
[31/5172] 31 anger -> 下载完成 (尝试 1 次)
[29/5172] 31 analysis -> 下载完成 (尝试 1 次)
[32/5172] 31 animal -> 下载完成 (尝试 1 次)
[33/5172] 31 ankle -> 下载完成 (尝试 1 次)
[34/5172] 31 answer -> 下载完成 (尝试 1 次)
[36/5172] 31 ape -> 下载完成 (尝试 1 次)
[35/5172] 31 antarctica -> 下载完成 (尝试 1 次)
[37/5172] 31 appearance -> 下载完成 (尝试 1 次)
[38/5172] 31 architect -> 下载完成 (尝试 1 次)
[40/5172] 31 area -> 下载完成 (尝试 1 次)
[42/5172] 31 aristocrat -> 下载完成 (尝试 1 次)
[39/5172] 31 architectures -> 下载完成 (尝试 1 次)
[41/5172] 31 argument -> 下载完成 (尝试 1 次)
[44/5172] 31 art -> 下载完成 (尝试 1 次)
[43/5172] 31 army -> 下载完成 (尝试 1 次)
[45/5172] 31 article -> 下载完成 (尝试 1 次)
[46/5172] 31 aspirin -> 下载完成 (尝试 1 次)
[47/5172] 31 assignment -> 下载完成 (尝试 1 次)
[48/5172] 31 atlas -> 下载完成 (尝试 1 次)
[49/5172] 31 audience -> 下载完成 (尝试 1 次)
[50/5172] 31 auditorium -> 下载完成 (尝试 1 次)
[51/5172] 31 author -> 下载完成 (尝试 1 次)
[52/5172] 31 authority -> 下载完成 (尝试 1 次)
[53/5172] 31 average -> 下载完成 (尝试 1 次)
[54/5172] 31 award -> 下载完成 (尝试 1 次)
[55/5172] 31 bachelor -> 下载完成 (尝试 1 次)
[56/5172] 31 background -> 下载完成 (尝试 1 次)
[57/5172] 31 bacteria -> 下载完成 (尝试 1 次)
[58/5172] 31 badge -> 下载完成 (尝试 1 次)
[60/5172] 31 backpack -> 下载完成 (尝试 1 次)
[59/5172] 31 badminton -> 下载完成 (尝试 1 次)
[62/5172] 31 band -> 下载完成 (尝试 1 次)
[61/5172] 31 baldness -> 下载完成 (尝试 1 次)
[66/5172] 31 banquet -> 下载完成 (尝试 1 次)
[63/5172] 31 bandage -> 下载完成 (尝试 1 次)
[65/5172] 31 bank -> 下载完成 (尝试 1 次)
[64/5172] 31 bands -> 下载完成 (尝试 1 次)
[67/5172] 31 base -> 下载完成 (尝试 1 次)
[68/5172] 31 basement -> 下载完成 (尝试 1 次)
[71/5172] 31 bath -> 下载完成 (尝试 1 次)
[70/5172] 31 basis -> 下载完成 (尝试 1 次)
[69/5172] 31 bases -> 下载完成 (尝试 1 次)
[72/5172] 31 batteries -> 下载完成 (尝试 1 次)
[73/5172] 31 battery -> 下载完成 (尝试 1 次)
[74/5172] 31 beach -> 下载完成 (尝试 1 次)
[75/5172] 31 beard -> 下载完成 (尝试 1 次)
[76/5172] 31 beats -> 下载完成 (尝试 1 次)
[77/5172] 31 beauty -> 下载完成 (尝试 1 次)
[78/5172] 31 bed -> 下载完成 (尝试 1 次)
[79/5172] 31 bedroom -> 下载完成 (尝试 1 次)
[81/5172] 31 bedsit -> 下载完成 (尝试 1 次)
[83/5172] 31 belt -> 下载完成 (尝试 1 次)
[82/5172] 31 behaviours -> 下载完成 (尝试 1 次)
[84/5172] 31 benefit -> 下载完成 (尝试 1 次)
[85/5172] 31 beverage -> 下载完成 (尝试 1 次)
[88/5172] 31 bill -> 下载完成 (尝试 1 次)
[86/5172] 31 bibliography -> 下载完成 (尝试 1 次)
[87/5172] 31 bicycle -> 下载完成 (尝试 1 次)
[90/5172] 31 bird -> 下载完成 (尝试 1 次)
[89/5172] 31 biologist -> 下载完成 (尝试 1 次)
[91/5172] 31 birth -> 下载完成 (尝试 1 次)
[92/5172] 31 blanket -> 下载完成 (尝试 1 次)
[93/5172] 31 blast -> 下载完成 (尝试 1 次)
[94/5172] 31 block -> 下载完成 (尝试 1 次)
[96/5172] 31 board -> 下载完成 (尝试 1 次)
[95/5172] 31 blouse -> 下载完成 (尝试 1 次)
[97/5172] 31 boarder -> 下载完成 (尝试 1 次)
[98/5172] 31 boat -> 下载完成 (尝试 1 次)
[101/5172] 31 bowling -> 下载完成 (尝试 1 次)
[100/5172] 31 bowl -> 下载完成 (尝试 1 次)
[99/5172] 31 bone -> 下载完成 (尝试 1 次)
[102/5172] 31 branch -> 下载完成 (尝试 1 次)
[103/5172] 31 breakfast -> 下载完成 (尝试 1 次)
[104/5172] 31 brick -> 下载完成 (尝试 1 次)
[106/5172] 31 brochures -> 下载完成 (尝试 1 次)
[105/5172] 31 bridge -> 下载完成 (尝试 1 次)
[107/5172] 31 building -> 下载完成 (尝试 1 次)
[108/5172] 31 bungalow -> 下载完成 (尝试 1 次)
[112/5172] 31 cab -> 下载完成 (尝试 1 次)
[109/5172] 31 burger -> 下载完成 (尝试 1 次)
[111/5172] 31 bus -> 下载完成 (尝试 1 次)
[110/5172] 31 burglar -> 下载完成 (尝试 1 次)
[113/5172] 32 cabinet -> 下载完成 (尝试 1 次)
[114/5172] 32 cable -> 下载完成 (尝试 1 次)
[115/5172] 32 cafe -> 下载完成 (尝试 1 次)
[117/5172] 32 cage -> 下载完成 (尝试 1 次)
[119/5172] 32 camel -> 下载完成 (尝试 1 次)
[118/5172] 32 cambridge -> 下载完成 (尝试 1 次)
[116/5172] 32 cafeteria -> 下载完成 (尝试 1 次)
[120/5172] 32 camera -> 下载完成 (尝试 1 次)
[121/5172] 32 camp -> 下载完成 (尝试 1 次)
[123/5172] 32 candidate -> 下载完成 (尝试 1 次)
[122/5172] 32 campus -> 下载完成 (尝试 1 次)
[126/5172] 32 capital -> 下载完成 (尝试 1 次)
[124/5172] 32 candle -> 下载完成 (尝试 1 次)
[125/5172] 32 canteen -> 下载完成 (尝试 1 次)
[127/5172] 32 capsule -> 下载完成 (尝试 1 次)
[129/5172] 32 care -> 下载完成 (尝试 1 次)
[131/5172] 32 carpet -> 下载完成 (尝试 1 次)
[128/5172] 32 carbon -> 下载完成 (尝试 1 次)
[130/5172] 32 career -> 下载完成 (尝试 1 次)
[132/5172] 32 carving -> 下载完成 (尝试 1 次)
[133/5172] 32 cashier -> 下载完成 (尝试 1 次)
[134/5172] 32 castle -> 下载完成 (尝试 1 次)
[137/5172] 32 cause -> 下载完成 (尝试 1 次)
[136/5172] 32 cathedral -> 下载完成 (尝试 1 次)
[135/5172] 32 category -> 下载完成 (尝试 1 次)
[139/5172] 32 cents -> 下载完成 (尝试 1 次)
[142/5172] 32 chair -> 下载完成 (尝试 1 次)
[140/5172] 32 century -> 下载完成 (尝试 1 次)
[138/5172] 32 cave -> 下载完成 (尝试 1 次)
[141/5172] 32 certificate -> 下载完成 (尝试 1 次)
[143/5172] 32 chance -> 下载完成 (尝试 1 次)
[144/5172] 32 chancellor -> 下载完成 (尝试 1 次)
[145/5172] 32 channel -> 下载完成 (尝试 1 次)
[147/5172] 32 character -> 下载完成 (尝试 1 次)
[146/5172] 32 chapter -> 下载完成 (尝试 1 次)
[148/5172] 32 charge -> 下载完成 (尝试 1 次)
[149/5172] 32 charity -> 下载完成 (尝试 1 次)
[150/5172] 32 chart -> 下载完成 (尝试 1 次)
[153/5172] 32 checks -> 下载完成 (尝试 1 次)
[151/5172] 32 chat -> 下载完成 (尝试 1 次)
[154/5172] 32 cheese -> 下载完成 (尝试 1 次)
[152/5172] 32 checklist -> 下载完成 (尝试 1 次)
[155/5172] 32 chemist's -> 下载完成 (尝试 1 次)
[156/5172] 32 chest -> 下载完成 (尝试 1 次)
[158/5172] 32 chicken -> 下载完成 (尝试 1 次)
[157/5172] 32 chick -> 下载完成 (尝试 1 次)
[160/5172] 32 chin -> 下载完成 (尝试 1 次)
[161/5172] 32 chocolate -> 下载完成 (尝试 1 次)
[159/5172] 32 child -> 下载完成 (尝试 1 次)
[162/5172] 32 choice -> 下载完成 (尝试 1 次)
[164/5172] 32 cinema -> 下载完成 (尝试 1 次)
[163/5172] 32 church -> 下载完成 (尝试 1 次)
[166/5172] 32 city -> 下载完成 (尝试 1 次)
[165/5172] 32 circle -> 下载完成 (尝试 1 次)
[167/5172] 32 clarity -> 下载完成 (尝试 1 次)
[168/5172] 32 cleaner -> 下载完成 (尝试 1 次)
[169/5172] 32 cleaning -> 下载完成 (尝试 1 次)
[170/5172] 32 client -> 下载完成 (尝试 1 次)
[171/5172] 32 cliffs -> 下载完成 (尝试 1 次)
[172/5172] 32 climate -> 下载完成 (尝试 1 次)
[173/5172] 32 clinic -> 下载完成 (尝试 1 次)
[174/5172] 32 clock -> 下载完成 (尝试 1 次)
[175/5172] 32 cloth -> 下载完成 (尝试 1 次)
[176/5172] 32 clothing -> 下载完成 (尝试 1 次)
[177/5172] 32 club -> 下载完成 (尝试 1 次)
[180/5172] 32 code -> 下载完成 (尝试 1 次)
[181/5172] 32 coke -> 下载完成 (尝试 1 次)
[178/5172] 32 coach -> 下载完成 (尝试 1 次)
[179/5172] 32 coast -> 下载完成 (尝试 1 次)
[182/5172] 32 cola -> 下载完成 (尝试 1 次)
[183/5172] 32 colleague -> 下载完成 (尝试 1 次)
[184/5172] 32 college -> 下载完成 (尝试 1 次)
[187/5172] 32 commuter -> 下载完成 (尝试 1 次)
[185/5172] 32 comedy -> 下载完成 (尝试 1 次)
[186/5172] 32 commercials -> 下载完成 (尝试 1 次)
[188/5172] 32 companion -> 下载完成 (尝试 1 次)
[189/5172] 32 company -> 下载完成 (尝试 1 次)
[192/5172] 32 computer -> 下载完成 (尝试 1 次)
[191/5172] 32 complex -> 下载完成 (尝试 1 次)
[190/5172] 32 complaint -> 下载完成 (尝试 1 次)
[193/5172] 32 concert -> 下载完成 (尝试 1 次)
[194/5172] 32 conclusion -> 下载完成 (尝试 1 次)
[195/5172] 32 condition -> 下载完成 (尝试 1 次)
[196/5172] 32 conferences -> 下载完成 (尝试 1 次)
[198/5172] 32 confirmation -> 下载完成 (尝试 1 次)
[197/5172] 32 confidence -> 下载完成 (尝试 1 次)
[199/5172] 32 congestion -> 下载完成 (尝试 1 次)
[200/5172] 32 conqueror -> 下载完成 (尝试 1 次)
[201/5172] 32 conquest -> 下载完成 (尝试 1 次)
[202/5172] 32 conversation -> 下载完成 (尝试 1 次)
[203/5172] 32 conservation -> 下载完成 (尝试 1 次)
[204/5172] 32 construction -> 下载完成 (尝试 1 次)
[205/5172] 32 consultant -> 下载完成 (尝试 1 次)
[206/5172] 32 consumption -> 下载完成 (尝试 1 次)
[207/5172] 32 contact -> 下载完成 (尝试 1 次)
[208/5172] 32 container -> 下载完成 (尝试 1 次)
[210/5172] 32 contamination -> 下载完成 (尝试 1 次)
[209/5172] 32 contaminants -> 下载完成 (尝试 1 次)
[211/5172] 32 content -> 下载完成 (尝试 1 次)
[212/5172] 32 continent -> 下载完成 (尝试 1 次)
[214/5172] 32 contracts -> 下载完成 (尝试 1 次)
[213/5172] 32 contract -> 下载完成 (尝试 1 次)
[216/5172] 32 convenience -> 下载完成 (尝试 1 次)
[215/5172] 32 controversy -> 下载完成 (尝试 1 次)
[218/5172] 32 cop -> 下载完成 (尝试 1 次)
[217/5172] 32 cooperations -> 下载完成 (尝试 1 次)
[222/5172] 32 correspondence -> 下载完成 (尝试 1 次)
[220/5172] 32 corporation -> 下载完成 (尝试 1 次)
[221/5172] 32 corpse -> 下载完成 (尝试 1 次)
[219/5172] 32 copy -> 下载完成 (尝试 1 次)
[223/5172] 32 cost -> 下载完成 (尝试 1 次)
[224/5172] 32 costume -> 下载完成 (尝试 1 次)
[225/5172] 32 cot -> 下载完成 (尝试 1 次)
[226/5172] 32 cottage -> 下载完成 (尝试 1 次)
[227/5172] 32 cough -> 下载完成 (尝试 1 次)
[229/5172] 32 country -> 下载完成 (尝试 1 次)
[228/5172] 32 council -> 下载完成 (尝试 1 次)
[230/5172] 32 course -> 下载完成 (尝试 1 次)
[231/5172] 32 crack -> 下载完成 (尝试 1 次)
[234/5172] 32 credit -> 下载完成 (尝试 1 次)
[232/5172] 32 craft -> 下载完成 (尝试 1 次)
[233/5172] 32 cream -> 下载完成 (尝试 1 次)
[236/5172] 32 crime -> 下载完成 (尝试 1 次)
[235/5172] 32 creek -> 下载完成 (尝试 1 次)
[239/5172] 32 crop -> 下载完成 (尝试 1 次)
[237/5172] 32 crisis -> 下载完成 (尝试 1 次)
[238/5172] 32 crocodile -> 下载完成 (尝试 1 次)
[240/5172] 32 cultivation -> 下载完成 (尝试 1 次)
[242/5172] 32 cup -> 下载完成 (尝试 1 次)
[241/5172] 32 culture -> 下载完成 (尝试 1 次)
[243/5172] 32 cupboard -> 下载完成 (尝试 1 次)
[245/5172] 32 customer -> 下载完成 (尝试 1 次)
[244/5172] 32 curtain -> 下载完成 (尝试 1 次)
[247/5172] 32 cycle -> 下载完成 (尝试 1 次)
[246/5172] 32 cutlery -> 下载完成 (尝试 1 次)
[249/5172] 32 damage -> 下载完成 (尝试 1 次)
[248/5172] 32 cycling -> 下载完成 (尝试 1 次)
[252/5172] 32 date -> 下载完成 (尝试 1 次)
[253/5172] 32 day -> 下载完成 (尝试 1 次)
[250/5172] 32 danger -> 下载完成 (尝试 1 次)
[251/5172] 32 data -> 下载完成 (尝试 1 次)
[255/5172] 32 debate -> 下载完成 (尝试 1 次)
[254/5172] 32 deadline -> 下载完成 (尝试 1 次)
[256/5172] 33 debt -> 下载完成 (尝试 1 次)
[258/5172] 33 decision -> 下载完成 (尝试 1 次)
[257/5172] 33 decade -> 下载完成 (尝试 1 次)
[260/5172] 33 decorations -> 下载完成 (尝试 1 次)
[262/5172] 33 delegate -> 下载完成 (尝试 1 次)
[263/5172] 33 delight -> 下载完成 (尝试 1 次)
[264/5172] 33 delivery -> 下载完成 (尝试 1 次)
[261/5172] 33 delay -> 下载完成 (尝试 1 次)
[265/5172] 33 demonstration -> 下载完成 (尝试 1 次)
[266/5172] 33 dentist -> 下载完成 (尝试 1 次)
[259/5172] 33 decline -> 下载完成 (尝试 1 次)
[267/5172] 33 department -> 下载完成 (尝试 1 次)
[268/5172] 33 deposit -> 下载完成 (尝试 1 次)
[270/5172] 33 description -> 下载完成 (尝试 1 次)
[269/5172] 33 depth -> 下载完成 (尝试 1 次)
[273/5172] 33 designer -> 下载完成 (尝试 1 次)
[271/5172] 33 desert -> 下载完成 (尝试 1 次)
[274/5172] 33 desire -> 下载完成 (尝试 1 次)
[272/5172] 33 design -> 下载完成 (尝试 1 次)
[275/5172] 33 desks -> 下载完成 (尝试 1 次)
[276/5172] 33 destination -> 下载完成 (尝试 1 次)
[278/5172] 33 diary -> 下载完成 (尝试 1 次)
[277/5172] 33 detail -> 下载完成 (尝试 1 次)
[280/5172] 33 diet -> 下载完成 (尝试 1 次)
[279/5172] 33 dictation -> 下载完成 (尝试 1 次)
[282/5172] 33 dinner -> 下载完成 (尝试 1 次)
[281/5172] 33 dining -> 下载完成 (尝试 1 次)
[284/5172] 33 direction -> 下载完成 (尝试 1 次)
[285/5172] 33 director -> 下载完成 (尝试 1 次)
[283/5172] 33 dioxide -> 下载完成 (尝试 1 次)
[286/5172] 33 disagreement -> 下载完成 (尝试 1 次)
[287/5172] 33 disaster -> 下载完成 (尝试 1 次)
[288/5172] 33 discipline -> 下载完成 (尝试 1 次)
[289/5172] 33 disco -> 下载完成 (尝试 1 次)
[291/5172] 33 discos -> 下载完成 (尝试 1 次)
[290/5172] 33 discomfort -> 下载完成 (尝试 1 次)
[294/5172] 33 disease -> 下载完成 (尝试 1 次)
[292/5172] 33 discount -> 下载完成 (尝试 1 次)
[295/5172] 33 dish -> 下载完成 (尝试 1 次)
[293/5172] 33 discovery -> 下载完成 (尝试 1 次)
[297/5172] 33 dispute -> 下载完成 (尝试 1 次)
[298/5172] 33 distance -> 下载完成 (尝试 1 次)
[296/5172] 33 disposal -> 下载完成 (尝试 1 次)
[301/5172] 33 documentary -> 下载完成 (尝试 1 次)
[300/5172] 33 document -> 下载完成 (尝试 1 次)
[299/5172] 33 divorce -> 下载完成 (尝试 1 次)
[304/5172] 33 drafts -> 下载完成 (尝试 1 次)
[303/5172] 33 donkey -> 下载完成 (尝试 1 次)
[302/5172] 33 donation -> 下载完成 (尝试 1 次)
[305/5172] 33 drama -> 下载完成 (尝试 1 次)
[306/5172] 33 draw -> 下载完成 (尝试 1 次)
[307/5172] 33 drawer -> 下载完成 (尝试 1 次)
[308/5172] 33 drink -> 下载完成 (尝试 1 次)
[309/5172] 33 drinking -> 下载完成 (尝试 1 次)
[310/5172] 33 driver -> 下载完成 (尝试 1 次)
[312/5172] 33 drug -> 下载完成 (尝试 1 次)
[311/5172] 33 driving -> 下载完成 (尝试 1 次)
[313/5172] 33 drum -> 下载完成 (尝试 1 次)
[314/5172] 33 due -> 下载完成 (尝试 1 次)
[315/5172] 33 duration -> 下载完成 (尝试 1 次)
[318/5172] 33 eagle -> 下载完成 (尝试 1 次)
[317/5172] 33 duty -> 下载完成 (尝试 1 次)
[316/5172] 33 dust -> 下载完成 (尝试 1 次)
[319/5172] 33 ear -> 下载完成 (尝试 1 次)
[320/5172] 33 east -> 下载完成 (尝试 1 次)
[321/5172] 33 eating -> 下载完成 (尝试 1 次)
[322/5172] 33 economy -> 下载完成 (尝试 1 次)
[323/5172] 33 editor -> 下载完成 (尝试 1 次)
[325/5172] 33 elbow -> 下载完成 (尝试 1 次)
[324/5172] 33 education -> 下载完成 (尝试 1 次)
[326/5172] 33 elder -> 下载完成 (尝试 1 次)
[327/5172] 33 electricity -> 下载完成 (尝试 1 次)
[328/5172] 33 elements -> 下载完成 (尝试 1 次)
[329/5172] 33 elevator -> 下载完成 (尝试 1 次)
[331/5172] 33 emperor -> 下载完成 (尝试 1 次)
[330/5172] 33 emotion -> 下载完成 (尝试 1 次)
[332/5172] 33 employee -> 下载完成 (尝试 1 次)
[333/5172] 33 employer -> 下载完成 (尝试 1 次)
[335/5172] 33 ending -> 下载完成 (尝试 1 次)
[334/5172] 33 encyclopedia -> 下载完成 (尝试 1 次)
[336/5172] 33 energies -> 下载完成 (尝试 1 次)
[337/5172] 33 engine -> 下载完成 (尝试 1 次)
[338/5172] 33 engineer -> 下载完成 (尝试 1 次)
[339/5172] 33 entrance -> 下载完成 (尝试 1 次)
[342/5172] 33 ethic -> 下载完成 (尝试 1 次)
[340/5172] 33 epidemic -> 下载完成 (尝试 1 次)
[341/5172] 33 equipment -> 下载完成 (尝试 1 次)
[343/5172] 33 evening -> 下载完成 (尝试 1 次)
[344/5172] 33 event -> 下载完成 (尝试 1 次)
[345/5172] 33 evidence -> 下载完成 (尝试 1 次)
[346/5172] 33 examination -> 下载完成 (尝试 1 次)
[347/5172] 33 example -> 下载完成 (尝试 1 次)
[348/5172] 33 exception -> 下载完成 (尝试 1 次)
[349/5172] 33 exchange -> 下载完成 (尝试 1 次)
[350/5172] 33 excitement -> 下载完成 (尝试 1 次)
[352/5172] 33 excuse -> 下载完成 (尝试 1 次)
[351/5172] 33 excursion -> 下载完成 (尝试 1 次)
[353/5172] 33 exercises -> 下载完成 (尝试 1 次)
[354/5172] 33 exhibition -> 下载完成 (尝试 1 次)
[355/5172] 33 existence -> 下载完成 (尝试 1 次)
[356/5172] 33 existing -> 下载完成 (尝试 1 次)
[358/5172] 33 expense -> 下载完成 (尝试 1 次)
[357/5172] 33 expansion -> 下载完成 (尝试 1 次)
[360/5172] 33 expert -> 下载完成 (尝试 1 次)
[359/5172] 33 experiment -> 下载完成 (尝试 1 次)
[362/5172] 33 explosion -> 下载完成 (尝试 1 次)
[361/5172] 33 explanation -> 下载完成 (尝试 1 次)
[363/5172] 33 exposition -> 下载完成 (尝试 1 次)
[364/5172] 33 exposure -> 下载完成 (尝试 1 次)
[365/5172] 33 extension -> 下载完成 (尝试 1 次)
[366/5172] 33 facility -> 下载完成 (尝试 1 次)
[367/5172] 33 factor -> 下载完成 (尝试 1 次)
[368/5172] 33 factory -> 下载完成 (尝试 1 次)
[369/5172] 34 faculty -> 下载完成 (尝试 1 次)
[371/5172] 34 falcon -> 下载完成 (尝试 1 次)
[370/5172] 34 failure -> 下载完成 (尝试 1 次)
[373/5172] 34 fare -> 下载完成 (尝试 1 次)
[372/5172] 34 fan -> 下载完成 (尝试 1 次)
[374/5172] 34 farm -> 下载完成 (尝试 1 次)
[375/5172] 34 farmer -> 下载完成 (尝试 1 次)
[376/5172] 34 farming -> 下载完成 (尝试 1 次)
[378/5172] 34 fat -> 下载完成 (尝试 1 次)
[377/5172] 34 fashion -> 下载完成 (尝试 1 次)
[379/5172] 34 feast -> 下载完成 (尝试 1 次)
[380/5172] 34 feather -> 下载完成 (尝试 1 次)
[383/5172] 34 fellowship -> 下载完成 (尝试 1 次)
[381/5172] 34 feature -> 下载完成 (尝试 1 次)
[382/5172] 34 feedback -> 下载完成 (尝试 1 次)
[384/5172] 34 female -> 下载完成 (尝试 1 次)
[385/5172] 34 ferries -> 下载完成 (尝试 1 次)
[386/5172] 34 festival -> 下载完成 (尝试 1 次)
[388/5172] 34 figure -> 下载完成 (尝试 1 次)
[387/5172] 34 field -> 下载完成 (尝试 1 次)
[389/5172] 34 film -> 下载完成 (尝试 1 次)
[392/5172] 34 firms -> 下载完成 (尝试 1 次)
[390/5172] 34 finding -> 下载完成 (尝试 1 次)
[391/5172] 34 finger -> 下载完成 (尝试 1 次)
[393/5172] 34 fish -> 下载完成 (尝试 1 次)
[395/5172] 34 flag -> 下载完成 (尝试 1 次)
[394/5172] 34 fishing -> 下载完成 (尝试 1 次)
[396/5172] 34 flash -> 下载完成 (尝试 1 次)
[398/5172] 34 flight -> 下载完成 (尝试 1 次)
[397/5172] 34 flat -> 下载完成 (尝试 1 次)
[400/5172] 34 flooding -> 下载完成 (尝试 1 次)
[399/5172] 34 flood -> 下载完成 (尝试 1 次)
[401/5172] 34 flour -> 下载完成 (尝试 1 次)
[402/5172] 34 flourish -> 下载完成 (尝试 1 次)
[404/5172] 34 flu -> 下载完成 (尝试 1 次)
[403/5172] 34 flow -> 下载完成 (尝试 1 次)
[406/5172] 34 forest -> 下载完成 (尝试 1 次)
[405/5172] 34 fly -> 下载完成 (尝试 1 次)
[407/5172] 34 forestry -> 下载完成 (尝试 1 次)
[408/5172] 34 form -> 下载完成 (尝试 1 次)
[409/5172] 34 formula -> 下载完成 (尝试 1 次)
[412/5172] 34 foyer -> 下载完成 (尝试 1 次)
[411/5172] 34 fortune -> 下载完成 (尝试 1 次)
[410/5172] 34 fortnight -> 下载完成 (尝试 1 次)
[413/5172] 34 freedom -> 下载完成 (尝试 1 次)
[414/5172] 34 freezer -> 下载完成 (尝试 1 次)
[416/5172] 34 fruit -> 下载完成 (尝试 1 次)
[417/5172] 34 fur -> 下载完成 (尝试 1 次)
[418/5172] 34 furniture -> 下载完成 (尝试 1 次)
[415/5172] 34 freshman -> 下载完成 (尝试 1 次)
[420/5172] 34 gallery -> 下载完成 (尝试 1 次)
[419/5172] 34 future -> 下载完成 (尝试 1 次)
[421/5172] 34 gap -> 下载完成 (尝试 1 次)
[424/5172] 34 garden -> 下载完成 (尝试 1 次)
[422/5172] 34 garage -> 下载完成 (尝试 1 次)
[423/5172] 34 garbage -> 下载完成 (尝试 1 次)
[425/5172] 34 gasoline -> 下载完成 (尝试 1 次)
[426/5172] 34 gender -> 下载完成 (尝试 1 次)
[427/5172] 34 germ -> 下载完成 (尝试 1 次)
[429/5172] 34 glass -> 下载完成 (尝试 1 次)
[428/5172] 34 gesture -> 下载完成 (尝试 1 次)
[430/5172] 34 goal -> 下载完成 (尝试 1 次)
[432/5172] 34 golf -> 下载完成 (尝试 1 次)
[431/5172] 34 gold -> 下载完成 (尝试 1 次)
[434/5172] 34 grades -> 下载完成 (尝试 1 次)
[433/5172] 34 grade -> 下载完成 (尝试 1 次)
[436/5172] 34 graduates -> 下载完成 (尝试 1 次)
[435/5172] 34 graduate -> 下载完成 (尝试 1 次)
[438/5172] 34 grass -> 下载完成 (尝试 1 次)
[437/5172] 34 grain -> 下载完成 (尝试 1 次)
[440/5172] 34 ground -> 下载完成 (尝试 1 次)
[442/5172] 34 growth -> 下载完成 (尝试 1 次)
[441/5172] 34 group -> 下载完成 (尝试 1 次)
[439/5172] 34 green -> 下载完成 (尝试 1 次)
[443/5172] 34 guest -> 下载完成 (尝试 1 次)
[445/5172] 34 gulf -> 下载完成 (尝试 1 次)
[444/5172] 34 guide -> 下载完成 (尝试 1 次)
[446/5172] 34 guy -> 下载完成 (尝试 1 次)
[448/5172] 34 habit -> 下载完成 (尝试 1 次)
[447/5172] 34 gym -> 下载完成 (尝试 1 次)
[449/5172] 34 hand -> 下载完成 (尝试 1 次)
[450/5172] 34 handball -> 下载完成 (尝试 1 次)
[454/5172] 34 hat -> 下载完成 (尝试 1 次)
[452/5172] 34 handling -> 下载完成 (尝试 1 次)
[451/5172] 34 handbooks -> 下载完成 (尝试 1 次)
[453/5172] 34 handout -> 下载完成 (尝试 1 次)
[455/5172] 34 headache -> 下载完成 (尝试 1 次)
[456/5172] 34 heading -> 下载完成 (尝试 1 次)
[458/5172] 34 hearing -> 下载完成 (尝试 1 次)
[460/5172] 34 heating -> 下载完成 (尝试 1 次)
[459/5172] 34 heart -> 下载完成 (尝试 1 次)
[457/5172] 34 health -> 下载完成 (尝试 1 次)
[462/5172] 34 herb -> 下载完成 (尝试 1 次)
[461/5172] 34 hen -> 下载完成 (尝试 1 次)
[466/5172] 34 hike -> 下载完成 (尝试 1 次)
[464/5172] 34 heroes -> 下载完成 (尝试 1 次)
[463/5172] 34 hero -> 下载完成 (尝试 1 次)
[465/5172] 34 heroine -> 下载完成 (尝试 1 次)
[472/5172] 34 hits -> 下载完成 (尝试 1 次)
[468/5172] 34 hint -> 下载完成 (尝试 1 次)
[471/5172] 34 hit -> 下载完成 (尝试 1 次)
[467/5172] 34 hiking -> 下载完成 (尝试 1 次)
[469/5172] 34 hints -> 下载完成 (尝试 1 次)
[470/5172] 34 historian -> 下载完成 (尝试 1 次)
[473/5172] 34 hobby -> 下载完成 (尝试 1 次)
[475/5172] 34 horse -> 下载完成 (尝试 1 次)
[476/5172] 34 hospital -> 下载完成 (尝试 1 次)
[474/5172] 34 holiday -> 下载完成 (尝试 1 次)
[478/5172] 34 housing -> 下载完成 (尝试 1 次)
[477/5172] 34 housework -> 下载完成 (尝试 1 次)
[480/5172] 34 hour -> 下载完成 (尝试 1 次)
[482/5172] 35 hotline -> 下载完成 (尝试 1 次)
[481/5172] 35 hotel -> 下载完成 (尝试 1 次)
[479/5172] 34 households -> 下载完成 (尝试 1 次)
[484/5172] 35 hunting -> 下载完成 (尝试 1 次)
[483/5172] 35 hunt -> 下载完成 (尝试 1 次)
[485/5172] 35 idea -> 下载完成 (尝试 1 次)
[486/5172] 35 identification -> 下载完成 (尝试 1 次)
[487/5172] 35 identity -> 下载完成 (尝试 1 次)
[488/5172] 35 image -> 下载完成 (尝试 1 次)
[489/5172] 35 impact -> 下载完成 (尝试 1 次)
[490/5172] 35 imports -> 下载完成 (尝试 1 次)
[491/5172] 35 inability -> 下载完成 (尝试 1 次)
[492/5172] 35 incoming -> 下载完成 (尝试 1 次)
[493/5172] 35 index -> 下载完成 (尝试 1 次)
[494/5172] 35 industry -> 下载完成 (尝试 1 次)
[496/5172] 35 influence -> 下载完成 (尝试 1 次)
[495/5172] 35 infection -> 下载完成 (尝试 1 次)
[497/5172] 35 information -> 下载完成 (尝试 1 次)
[499/5172] 35 injury -> 下载完成 (尝试 1 次)
[498/5172] 35 injection -> 下载完成 (尝试 1 次)
[500/5172] 35 inland -> 下载完成 (尝试 1 次)
[501/5172] 35 insect -> 下载完成 (尝试 1 次)
[502/5172] 35 insomnia -> 下载完成 (尝试 1 次)
[503/5172] 35 institute -> 下载完成 (尝试 1 次)
[506/5172] 35 instructor -> 下载完成 (尝试 1 次)
[504/5172] 35 institution -> 下载完成 (尝试 1 次)
[505/5172] 35 instruction -> 下载完成 (尝试 1 次)
[508/5172] 35 interest -> 下载完成 (尝试 1 次)
[507/5172] 35 instrument -> 下载完成 (尝试 1 次)
[510/5172] 35 interviewer -> 下载完成 (尝试 1 次)
[509/5172] 35 internet -> 下载完成 (尝试 1 次)
[513/5172] 35 investment -> 下载完成 (尝试 1 次)
[511/5172] 35 introduction -> 下载完成 (尝试 1 次)
[512/5172] 35 investigator -> 下载完成 (尝试 1 次)
[514/5172] 35 irrigation -> 下载完成 (尝试 1 次)
[515/5172] 35 island -> 下载完成 (尝试 1 次)
[518/5172] 35 jacket -> 下载完成 (尝试 1 次)
[517/5172] 35 item -> 下载完成 (尝试 1 次)
[519/5172] 35 jam -> 下载完成 (尝试 1 次)
[516/5172] 35 isolation -> 下载完成 (尝试 1 次)
[520/5172] 35 jaw -> 下载完成 (尝试 1 次)
[522/5172] 35 journal -> 下载完成 (尝试 1 次)
[521/5172] 35 jeans -> 下载完成 (尝试 1 次)
[523/5172] 35 judge -> 下载完成 (尝试 1 次)
[524/5172] 35 juice -> 下载完成 (尝试 1 次)
[526/5172] 35 junior -> 下载完成 (尝试 1 次)
[525/5172] 35 junction -> 下载完成 (尝试 1 次)
[527/5172] 35 keeper -> 下载完成 (尝试 1 次)
[528/5172] 35 kelp -> 下载完成 (尝试 1 次)
[530/5172] 35 kid -> 下载完成 (尝试 1 次)
[529/5172] 35 keyword -> 下载完成 (尝试 1 次)
[531/5172] 35 king -> 下载完成 (尝试 1 次)
[532/5172] 35 kiosk -> 下载完成 (尝试 1 次)
[533/5172] 35 kit -> 下载完成 (尝试 1 次)
[535/5172] 35 kits -> 下载完成 (尝试 1 次)
[534/5172] 35 kitchen -> 下载完成 (尝试 1 次)
[536/5172] 35 knife -> 下载完成 (尝试 1 次)
[537/5172] 35 knowledge -> 下载完成 (尝试 1 次)
[539/5172] 35 lab -> 下载完成 (尝试 1 次)
[540/5172] 35 lake -> 下载完成 (尝试 1 次)
[538/5172] 35 koala -> 下载完成 (尝试 1 次)
[541/5172] 35 lamp -> 下载完成 (尝试 1 次)
[542/5172] 35 land -> 下载完成 (尝试 1 次)
[543/5172] 35 landmark -> 下载完成 (尝试 1 次)
[546/5172] 35 laptop -> 下载完成 (尝试 1 次)
[544/5172] 35 landscape -> 下载完成 (尝试 1 次)
[545/5172] 35 language -> 下载完成 (尝试 1 次)
[548/5172] 35 lava -> 下载完成 (尝试 1 次)
[547/5172] 35 laser -> 下载完成 (尝试 1 次)
[549/5172] 35 lawyer -> 下载完成 (尝试 1 次)
[550/5172] 35 layer -> 下载完成 (尝试 1 次)
[551/5172] 35 lecture -> 下载完成 (尝试 1 次)
[552/5172] 35 lecturer -> 下载完成 (尝试 1 次)
[554/5172] 35 lemon -> 下载完成 (尝试 1 次)
[553/5172] 35 leisure -> 下载完成 (尝试 1 次)
[556/5172] 35 length -> 下载完成 (尝试 1 次)
[555/5172] 35 lender -> 下载完成 (尝试 1 次)
[558/5172] 35 letter -> 下载完成 (尝试 1 次)
[559/5172] 35 level -> 下载完成 (尝试 1 次)
[557/5172] 35 lesson -> 下载完成 (尝试 1 次)
[560/5172] 35 library -> 下载完成 (尝试 1 次)
[561/5172] 35 lift -> 下载完成 (尝试 1 次)
[562/5172] 35 light -> 下载完成 (尝试 1 次)
[563/5172] 35 line -> 下载完成 (尝试 1 次)
[564/5172] 35 lion -> 下载完成 (尝试 1 次)
[565/5172] 35 lists -> 下载完成 (尝试 1 次)
[566/5172] 35 loan -> 下载完成 (尝试 1 次)
[569/5172] 35 loss -> 下载完成 (尝试 1 次)
[567/5172] 35 location -> 下载完成 (尝试 1 次)
[568/5172] 35 lock -> 下载完成 (尝试 1 次)
[570/5172] 35 lounge -> 下载完成 (尝试 1 次)
[574/5172] 35 lung -> 下载完成 (尝试 1 次)
[572/5172] 35 luck -> 下载完成 (尝试 1 次)
[571/5172] 35 loyalty -> 下载完成 (尝试 1 次)
[573/5172] 35 lunch -> 下载完成 (尝试 1 次)
[575/5172] 35 machine -> 下载完成 (尝试 1 次)
[578/5172] 35 mail -> 下载完成 (尝试 1 次)
[577/5172] 35 maid -> 下载完成 (尝试 1 次)
[576/5172] 35 magazine -> 下载完成 (尝试 1 次)
[579/5172] 35 majority -> 下载完成 (尝试 1 次)
[581/5172] 35 male -> 下载完成 (尝试 1 次)
[580/5172] 35 making -> 下载完成 (尝试 1 次)
[582/5172] 35 manager -> 下载完成 (尝试 1 次)
[583/5172] 35 mane -> 下载完成 (尝试 1 次)
[585/5172] 35 map -> 下载完成 (尝试 1 次)
[587/5172] 35 mark -> 下载完成 (尝试 1 次)
[584/5172] 35 manufacture -> 下载完成 (尝试 1 次)
[586/5172] 35 margin -> 下载完成 (尝试 1 次)
[588/5172] 35 market -> 下载完成 (尝试 1 次)
[589/5172] 35 marketing -> 下载完成 (尝试 1 次)
[592/5172] 35 mat -> 下载完成 (尝试 1 次)
[591/5172] 35 master -> 下载完成 (尝试 1 次)
[590/5172] 35 marsh -> 下载完成 (尝试 1 次)
[593/5172] 35 matching -> 下载完成 (尝试 1 次)
[594/5172] 35 material -> 下载完成 (尝试 1 次)
[595/5172] 35 maturity -> 下载完成 (尝试 1 次)
[597/5172] 35 meal -> 下载完成 (尝试 1 次)
[596/5172] 35 maximum -> 下载完成 (尝试 1 次)
[598/5172] 35 measure -> 下载完成 (尝试 1 次)
[599/5172] 35 measurement -> 下载完成 (尝试 1 次)
[600/5172] 35 meat -> 下载完成 (尝试 1 次)
[604/5172] 35 medium -> 下载完成 (尝试 1 次)
[603/5172] 35 medicine -> 下载完成 (尝试 1 次)
[601/5172] 35 media -> 下载完成 (尝试 1 次)
[602/5172] 35 medication -> 下载完成 (尝试 1 次)
[605/5172] 35 method -> 下载完成 (尝试 1 次)
[606/5172] 35 microphone -> 下载完成 (尝试 1 次)
[607/5172] 35 migration -> 下载完成 (尝试 1 次)
[610/5172] 35 milk -> 下载完成 (尝试 1 次)
[608/5172] 35 mile -> 下载完成 (尝试 1 次)
[609/5172] 35 mileage -> 下载完成 (尝试 1 次)
[611/5172] 35 mine -> 下载完成 (尝试 1 次)
[612/5172] 35 mineral -> 下载完成 (尝试 1 次)
[613/5172] 35 mill -> 下载完成 (尝试 1 次)
[614/5172] 35 minimum -> 下载完成 (尝试 1 次)
[615/5172] 35 minute -> 下载完成 (尝试 1 次)
[617/5172] 35 model -> 下载完成 (尝试 1 次)
[616/5172] 35 mixture -> 下载完成 (尝试 1 次)
[620/5172] 35 month -> 下载完成 (尝试 1 次)
[618/5172] 35 money -> 下载完成 (尝试 1 次)
[621/5172] 35 mood -> 下载完成 (尝试 1 次)
[619/5172] 35 monopoly -> 下载完成 (尝试 1 次)
[623/5172] 35 mosquito -> 下载完成 (尝试 1 次)
[622/5172] 35 morality -> 下载完成 (尝试 1 次)
[627/5172] 36 mouth -> 下载完成 (尝试 1 次)
[625/5172] 35 mountain -> 下载完成 (尝试 1 次)
[624/5172] 35 motel -> 下载完成 (尝试 1 次)
[629/5172] 36 muscle -> 下载完成 (尝试 1 次)
[628/5172] 36 movie -> 下载完成 (尝试 1 次)
[626/5172] 36 moustache -> 下载完成 (尝试 1 次)
[631/5172] 36 music -> 下载完成 (尝试 1 次)
[630/5172] 36 museum -> 下载完成 (尝试 1 次)
[632/5172] 36 musical -> 下载完成 (尝试 1 次)
[634/5172] 36 nap -> 下载完成 (尝试 1 次)
[633/5172] 36 musician -> 下载完成 (尝试 1 次)
[635/5172] 36 nature -> 下载完成 (尝试 1 次)
[637/5172] 36 neck -> 下载完成 (尝试 1 次)
[636/5172] 36 nought -> 下载完成 (尝试 1 次)
[638/5172] 36 net -> 下载完成 (尝试 1 次)
[639/5172] 36 newspaper -> 下载完成 (尝试 1 次)
[641/5172] 36 noise -> 下载完成 (尝试 1 次)
[640/5172] 36 night -> 下载完成 (尝试 1 次)
[642/5172] 36 north -> 下载完成 (尝试 1 次)
[644/5172] 36 northwest -> 下载完成 (尝试 1 次)
[645/5172] 36 nose -> 下载完成 (尝试 1 次)
[643/5172] 36 northeast -> 下载完成 (尝试 1 次)
[646/5172] 36 note -> 下载完成 (尝试 1 次)
[647/5172] 36 notice -> 下载完成 (尝试 1 次)
[648/5172] 36 nurse -> 下载完成 (尝试 1 次)
[649/5172] 36 nursery -> 下载完成 (尝试 1 次)
[651/5172] 36 nut -> 下载完成 (尝试 1 次)
[650/5172] 36 nursing -> 下载完成 (尝试 1 次)
[652/5172] 36 nutrition -> 下载完成 (尝试 1 次)
[654/5172] 36 occasion -> 下载完成 (尝试 1 次)
[653/5172] 36 objective -> 下载完成 (尝试 1 次)
[655/5172] 36 occupant -> 下载完成 (尝试 1 次)
[656/5172] 36 ocean -> 下载完成 (尝试 1 次)
[657/5172] 36 oculist -> 下载完成 (尝试 1 次)
[658/5172] 36 ointment -> 下载完成 (尝试 1 次)
[659/5172] 36 option -> 下载完成 (尝试 1 次)
[660/5172] 36 order -> 下载完成 (尝试 1 次)
[661/5172] 36 ordinary -> 下载完成 (尝试 1 次)
[662/5172] 36 organiser -> 下载完成 (尝试 1 次)
[663/5172] 36 original -> 下载完成 (尝试 1 次)
[664/5172] 36 outline -> 下载完成 (尝试 1 次)
[665/5172] 36 overdraft -> 下载完成 (尝试 1 次)
[666/5172] 36 owner -> 下载完成 (尝试 1 次)
[667/5172] 36 ownership -> 下载完成 (尝试 1 次)
[670/5172] 36 page -> 下载完成 (尝试 1 次)
[671/5172] 36 paint -> 下载完成 (尝试 1 次)
[669/5172] 36 package -> 下载完成 (尝试 1 次)
[668/5172] 36 oxford -> 下载完成 (尝试 1 次)
[672/5172] 36 painting -> 下载完成 (尝试 1 次)
[673/5172] 36 pair -> 下载完成 (尝试 1 次)
[676/5172] 36 panic -> 下载完成 (尝试 1 次)
[674/5172] 36 pal -> 下载完成 (尝试 1 次)
[675/5172] 36 palace -> 下载完成 (尝试 1 次)
[677/5172] 36 paper -> 下载完成 (尝试 1 次)
[678/5172] 36 parcel -> 下载完成 (尝试 1 次)
[679/5172] 36 parent -> 下载完成 (尝试 1 次)
[680/5172] 36 park -> 下载完成 (尝试 1 次)
[681/5172] 36 parking -> 下载完成 (尝试 1 次)
[683/5172] 36 passages -> 下载完成 (尝试 1 次)
[682/5172] 36 participant -> 下载完成 (尝试 1 次)
[684/5172] 36 passenger -> 下载完成 (尝试 1 次)
[685/5172] 36 pastime -> 下载完成 (尝试 1 次)
[686/5172] 36 patient -> 下载完成 (尝试 1 次)
[688/5172] 36 pedestrian -> 下载完成 (尝试 1 次)
[687/5172] 36 payment -> 下载完成 (尝试 1 次)
[689/5172] 36 pension -> 下载完成 (尝试 1 次)
[690/5172] 36 pensioners -> 下载完成 (尝试 1 次)
[691/5172] 36 percent -> 下载完成 (尝试 1 次)
[692/5172] 36 performer -> 下载完成 (尝试 1 次)
[694/5172] 36 period -> 下载完成 (尝试 1 次)
[695/5172] 36 periodical -> 下载完成 (尝试 1 次)
[693/5172] 36 perfume -> 下载完成 (尝试 1 次)
[696/5172] 36 perk -> 下载完成 (尝试 1 次)
[697/5172] 36 permit -> 下载完成 (尝试 1 次)
[700/5172] 36 pet -> 下载完成 (尝试 1 次)
[701/5172] 36 petrol -> 下载完成 (尝试 1 次)
[698/5172] 36 person -> 下载完成 (尝试 1 次)
[699/5172] 36 personality -> 下载完成 (尝试 1 次)
[702/5172] 36 petroleum -> 下载完成 (尝试 1 次)
[703/5172] 36 philosopher -> 下载完成 (尝试 1 次)
[704/5172] 36 photo -> 下载完成 (尝试 1 次)
[705/5172] 36 photograph -> 下载完成 (尝试 1 次)
[706/5172] 36 physician -> 下载完成 (尝试 1 次)
[707/5172] 36 physics -> 下载完成 (尝试 1 次)
[709/5172] 36 piano -> 下载完成 (尝试 1 次)
[708/5172] 36 pianist -> 下载完成 (尝试 1 次)
[710/5172] 36 picnic -> 下载完成 (尝试 1 次)
[711/5172] 36 picture -> 下载完成 (尝试 1 次)
[712/5172] 36 pie -> 下载完成 (尝试 1 次)
[713/5172] 36 pill -> 下载完成 (尝试 1 次)
[714/5172] 36 pink -> 下载完成 (尝试 1 次)
[715/5172] 36 place -> 下载完成 (尝试 1 次)
[716/5172] 36 placement -> 下载完成 (尝试 1 次)
[717/5172] 36 plan -> 下载完成 (尝试 1 次)
[719/5172] 36 plans -> 下载完成 (尝试 1 次)
[718/5172] 36 planners -> 下载完成 (尝试 1 次)
[721/5172] 36 planting -> 下载完成 (尝试 1 次)
[720/5172] 36 plant -> 下载完成 (尝试 1 次)
[722/5172] 36 plastic -> 下载完成 (尝试 1 次)
[723/5172] 36 plate -> 下载完成 (尝试 1 次)
[724/5172] 36 player -> 下载完成 (尝试 1 次)
[725/5172] 36 playground -> 下载完成 (尝试 1 次)
[727/5172] 36 pocket -> 下载完成 (尝试 1 次)
[726/5172] 36 pleasure -> 下载完成 (尝试 1 次)
[728/5172] 36 point -> 下载完成 (尝试 1 次)
[729/5172] 36 police -> 下载完成 (尝试 1 次)
[730/5172] 36 poll -> 下载完成 (尝试 1 次)
[732/5172] 36 pollute -> 下载完成 (尝试 1 次)
[733/5172] 36 pollution -> 下载完成 (尝试 1 次)
[734/5172] 36 port -> 下载完成 (尝试 1 次)
[736/5172] 36 post -> 下载完成 (尝试 1 次)
[731/5172] 36 pollutant -> 下载完成 (尝试 1 次)
[735/5172] 36 position -> 下载完成 (尝试 1 次)
[737/5172] 36 postgraduate -> 下载完成 (尝试 1 次)
[739/5172] 37 potteries -> 下载完成 (尝试 1 次)
[738/5172] 36 particulars -> 下载完成 (尝试 1 次)
[740/5172] 37 power -> 下载完成 (尝试 1 次)
[741/5172] 37 powerpoint -> 下载完成 (尝试 1 次)
[742/5172] 37 precaution -> 下载完成 (尝试 1 次)
[743/5172] 37 precision -> 下载完成 (尝试 1 次)
[745/5172] 37 preposition -> 下载完成 (尝试 1 次)
[744/5172] 37 preference -> 下载完成 (尝试 1 次)
[746/5172] 37 prescription -> 下载完成 (尝试 1 次)
[747/5172] 37 presentation -> 下载完成 (尝试 1 次)
[748/5172] 37 preservation -> 下载完成 (尝试 1 次)
[749/5172] 37 president -> 下载完成 (尝试 1 次)
[751/5172] 37 printing -> 下载完成 (尝试 1 次)
[752/5172] 37 priority -> 下载完成 (尝试 1 次)
[750/5172] 37 prevention -> 下载完成 (尝试 1 次)
[753/5172] 37 privacy -> 下载完成 (尝试 1 次)
[754/5172] 37 prize -> 下载完成 (尝试 1 次)
[755/5172] 37 problem -> 下载完成 (尝试 1 次)
[757/5172] 37 production -> 下载完成 (尝试 1 次)
[758/5172] 37 professors -> 下载完成 (尝试 1 次)
[756/5172] 37 product -> 下载完成 (尝试 1 次)
[759/5172] 37 profit -> 下载完成 (尝试 1 次)
[760/5172] 37 project -> 下载完成 (尝试 1 次)
[761/5172] 37 promotion -> 下载完成 (尝试 1 次)
[762/5172] 37 prone -> 下载完成 (尝试 1 次)
[763/5172] 37 property -> 下载完成 (尝试 1 次)
[764/5172] 37 prospectus -> 下载完成 (尝试 1 次)
[765/5172] 37 protein -> 下载完成 (尝试 1 次)
[766/5172] 37 psychiatrist -> 下载完成 (尝试 1 次)
[770/5172] 37 pump -> 下载完成 (尝试 1 次)
[767/5172] 37 psychologist -> 下载完成 (尝试 1 次)
[768/5172] 37 psychotherapy -> 下载完成 (尝试 1 次)
[769/5172] 37 publication -> 下载完成 (尝试 1 次)
[771/5172] 37 purpose -> 下载完成 (尝试 1 次)
[772/5172] 37 purse -> 下载完成 (尝试 1 次)
[775/5172] 37 quarter -> 下载完成 (尝试 1 次)
[773/5172] 37 quality -> 下载完成 (尝试 1 次)
[776/5172] 37 question -> 下载完成 (尝试 1 次)
[774/5172] 37 quantity -> 下载完成 (尝试 1 次)
[777/5172] 37 radar -> 下载完成 (尝试 1 次)
[778/5172] 37 radiator -> 下载完成 (尝试 1 次)
[779/5172] 37 radio -> 下载完成 (尝试 1 次)
[780/5172] 37 railway -> 下载完成 (尝试 1 次)
[783/5172] 37 range -> 下载完成 (尝试 1 次)
[781/5172] 37 rain -> 下载完成 (尝试 1 次)
[782/5172] 37 rainfall -> 下载完成 (尝试 1 次)
[784/5172] 37 rank -> 下载完成 (尝试 1 次)
[785/5172] 37 rat -> 下载完成 (尝试 1 次)
[786/5172] 37 rate -> 下载完成 (尝试 1 次)
[787/5172] 37 rats -> 下载完成 (尝试 1 次)
[788/5172] 37 ray -> 下载完成 (尝试 1 次)
[789/5172] 37 reader -> 下载完成 (尝试 1 次)
[790/5172] 37 reading -> 下载完成 (尝试 1 次)
[791/5172] 37 reason -> 下载完成 (尝试 1 次)
[793/5172] 37 recipe -> 下载完成 (尝试 1 次)
[792/5172] 37 reception -> 下载完成 (尝试 1 次)
[794/5172] 37 recorder -> 下载完成 (尝试 1 次)
[795/5172] 37 recording -> 下载完成 (尝试 1 次)
[797/5172] 37 recruit -> 下载完成 (尝试 1 次)
[796/5172] 37 recreation -> 下载完成 (尝试 1 次)
[799/5172] 37 referee -> 下载完成 (尝试 1 次)
[800/5172] 37 reference -> 下载完成 (尝试 1 次)
[798/5172] 37 recycling -> 下载完成 (尝试 1 次)
[801/5172] 37 reflectance -> 下载完成 (尝试 1 次)
[803/5172] 37 refuge -> 下载完成 (尝试 1 次)
[802/5172] 37 reform -> 下载完成 (尝试 1 次)
[804/5172] 37 region -> 下载完成 (尝试 1 次)
[807/5172] 37 relationship -> 下载完成 (尝试 1 次)
[805/5172] 37 regulation -> 下载完成 (尝试 1 次)
[806/5172] 37 relation -> 下载完成 (尝试 1 次)
[809/5172] 37 relief -> 下载完成 (尝试 1 次)
[808/5172] 37 relaxation -> 下载完成 (尝试 1 次)
[810/5172] 37 religion -> 下载完成 (尝试 1 次)
[813/5172] 37 renewal -> 下载完成 (尝试 1 次)
[811/5172] 37 remark -> 下载完成 (尝试 1 次)
[812/5172] 37 removal -> 下载完成 (尝试 1 次)
[814/5172] 37 rent -> 下载完成 (尝试 1 次)
[815/5172] 37 rental -> 下载完成 (尝试 1 次)
[816/5172] 37 repetition -> 下载完成 (尝试 1 次)
[818/5172] 37 report -> 下载完成 (尝试 1 次)
[817/5172] 37 replacement -> 下载完成 (尝试 1 次)
[819/5172] 37 reproduce -> 下载完成 (尝试 1 次)
[820/5172] 37 research -> 下载完成 (尝试 1 次)
[821/5172] 37 reservation -> 下载完成 (尝试 1 次)
[822/5172] 37 reserve -> 下载完成 (尝试 1 次)
[823/5172] 37 residence -> 下载完成 (尝试 1 次)
[825/5172] 37 resource -> 下载完成 (尝试 1 次)
[826/5172] 37 respondent -> 下载完成 (尝试 1 次)
[824/5172] 37 resident -> 下载完成 (尝试 1 次)
[827/5172] 37 response -> 下载完成 (尝试 1 次)
[829/5172] 37 result -> 下载完成 (尝试 1 次)
[828/5172] 37 restaurant -> 下载完成 (尝试 1 次)
[832/5172] 37 review -> 下载完成 (尝试 1 次)
[830/5172] 37 retirement -> 下载完成 (尝试 1 次)
[831/5172] 37 return -> 下载完成 (尝试 1 次)
[833/5172] 37 revision -> 下载完成 (尝试 1 次)
[835/5172] 37 rider -> 下载完成 (尝试 1 次)
[834/5172] 37 rice -> 下载完成 (尝试 1 次)
[836/5172] 37 riders -> 下载完成 (尝试 1 次)
[837/5172] 37 risk -> 下载完成 (尝试 1 次)
[838/5172] 37 river -> 下载完成 (尝试 1 次)
[839/5172] 37 robot -> 下载完成 (尝试 1 次)
[840/5172] 37 rock -> 下载完成 (尝试 1 次)
[841/5172] 37 rocket -> 下载完成 (尝试 1 次)
[842/5172] 37 role -> 下载完成 (尝试 1 次)
[844/5172] 38 route -> 下载完成 (尝试 1 次)
[843/5172] 38 roommates -> 下载完成 (尝试 1 次)
[845/5172] 38 rule -> 下载完成 (尝试 1 次)
[847/5172] 38 safety -> 下载完成 (尝试 1 次)
[846/5172] 38 safari -> 下载完成 (尝试 1 次)
[849/5172] 38 sailing -> 下载完成 (尝试 1 次)
[848/5172] 38 sail -> 下载完成 (尝试 1 次)
[850/5172] 38 salad -> 下载完成 (尝试 1 次)
[851/5172] 38 salads -> 下载完成 (尝试 1 次)
[852/5172] 38 salary -> 下载完成 (尝试 1 次)
[853/5172] 38 sale -> 下载完成 (尝试 1 次)
[855/5172] 38 sample -> 下载完成 (尝试 1 次)
[854/5172] 38 salt -> 下载完成 (尝试 1 次)
[856/5172] 38 sandal -> 下载完成 (尝试 1 次)
[857/5172] 38 satellite -> 下载完成 (尝试 1 次)
[858/5172] 38 sauce -> 下载完成 (尝试 1 次)
[859/5172] 38 saving -> 下载完成 (尝试 1 次)
[860/5172] 38 scale -> 下载完成 (尝试 1 次)
[862/5172] 38 scandals -> 下载完成 (尝试 1 次)
[863/5172] 38 scar -> 下载完成 (尝试 1 次)
[861/5172] 38 scandal -> 下载完成 (尝试 1 次)
[865/5172] 38 schedule -> 下载完成 (尝试 1 次)
[864/5172] 38 scent -> 下载完成 (尝试 1 次)
[866/5172] 38 scheme -> 下载完成 (尝试 1 次)
[867/5172] 38 scholar -> 下载完成 (尝试 1 次)
[868/5172] 38 scholarship -> 下载完成 (尝试 1 次)
[869/5172] 38 science -> 下载完成 (尝试 1 次)
[870/5172] 38 scientist -> 下载完成 (尝试 1 次)
[871/5172] 38 score -> 下载完成 (尝试 1 次)
[872/5172] 38 script -> 下载完成 (尝试 1 次)
[873/5172] 38 sculpture -> 下载完成 (尝试 1 次)
[874/5172] 38 sea -> 下载完成 (尝试 1 次)
[875/5172] 38 season -> 下载完成 (尝试 1 次)
[876/5172] 38 seat -> 下载完成 (尝试 1 次)
[877/5172] 38 second -> 下载完成 (尝试 1 次)
[880/5172] 38 sector -> 下载完成 (尝试 1 次)
[881/5172] 38 selection -> 下载完成 (尝试 1 次)
[879/5172] 38 section -> 下载完成 (尝试 1 次)
[878/5172] 38 secretary -> 下载完成 (尝试 1 次)
[883/5172] 38 seminar -> 下载完成 (尝试 1 次)
[882/5172] 38 selections -> 下载完成 (尝试 1 次)
[884/5172] 38 sense -> 下载完成 (尝试 1 次)
[887/5172] 38 service -> 下载完成 (尝试 1 次)
[886/5172] 38 servant -> 下载完成 (尝试 1 次)
[885/5172] 38 sentence -> 下载完成 (尝试 1 次)
[889/5172] 38 sewer -> 下载完成 (尝试 1 次)
[890/5172] 38 sex -> 下载完成 (尝试 1 次)
[888/5172] 38 sewage -> 下载完成 (尝试 1 次)
[891/5172] 38 shade -> 下载完成 (尝试 1 次)
[892/5172] 38 sheep -> 下载完成 (尝试 1 次)
[893/5172] 38 sheet -> 下载完成 (尝试 1 次)
[895/5172] 38 shell -> 下载完成 (尝试 1 次)
[896/5172] 38 shelter -> 下载完成 (尝试 1 次)
[894/5172] 38 shelf -> 下载完成 (尝试 1 次)
[897/5172] 38 ship -> 下载完成 (尝试 1 次)
[898/5172] 38 shoe -> 下载完成 (尝试 1 次)
[899/5172] 38 shoplifters -> 下载完成 (尝试 1 次)
[900/5172] 38 shopper -> 下载完成 (尝试 1 次)
[902/5172] 38 shower -> 下载完成 (尝试 1 次)
[901/5172] 38 shortage -> 下载完成 (尝试 1 次)
[903/5172] 38 side -> 下载完成 (尝试 1 次)
[904/5172] 38 sight -> 下载完成 (尝试 1 次)
[905/5172] 38 sign -> 下载完成 (尝试 1 次)
[907/5172] 38 silence -> 下载完成 (尝试 1 次)
[906/5172] 38 signature -> 下载完成 (尝试 1 次)
[909/5172] 38 single -> 下载完成 (尝试 1 次)
[908/5172] 38 simulation -> 下载完成 (尝试 1 次)
[910/5172] 38 site -> 下载完成 (尝试 1 次)
[911/5172] 38 size -> 下载完成 (尝试 1 次)
[912/5172] 38 skating -> 下载完成 (尝试 1 次)
[913/5172] 38 skeleton -> 下载完成 (尝试 1 次)
[914/5172] 38 skill -> 下载完成 (尝试 1 次)
[916/5172] 38 skirt -> 下载完成 (尝试 1 次)
[915/5172] 38 skin -> 下载完成 (尝试 1 次)
[917/5172] 38 slang -> 下载完成 (尝试 1 次)
[918/5172] 38 slave -> 下载完成 (尝试 1 次)
[919/5172] 38 sleep -> 下载完成 (尝试 1 次)
[921/5172] 38 slip -> 下载完成 (尝试 1 次)
[920/5172] 38 sleeping -> 下载完成 (尝试 1 次)
[922/5172] 38 smell -> 下载完成 (尝试 1 次)
[923/5172] 38 smoke -> 下载完成 (尝试 1 次)
[925/5172] 38 snack -> 下载完成 (尝试 1 次)
[924/5172] 38 smoking -> 下载完成 (尝试 1 次)
[926/5172] 38 soil -> 下载完成 (尝试 1 次)
[927/5172] 38 solution -> 下载完成 (尝试 1 次)
[929/5172] 38 source -> 下载完成 (尝试 1 次)
[928/5172] 38 sound -> 下载完成 (尝试 1 次)
[930/5172] 38 south -> 下载完成 (尝试 1 次)
[932/5172] 38 southwest -> 下载完成 (尝试 1 次)
[931/5172] 38 southeast -> 下载完成 (尝试 1 次)
[933/5172] 38 space -> 下载完成 (尝试 1 次)
[935/5172] 38 speaking -> 下载完成 (尝试 1 次)
[934/5172] 38 speaker -> 下载完成 (尝试 1 次)
[936/5172] 38 speed -> 下载完成 (尝试 1 次)
[938/5172] 38 spider -> 下载完成 (尝试 1 次)
[937/5172] 38 spending -> 下载完成 (尝试 1 次)
[939/5172] 38 sponsor -> 下载完成 (尝试 1 次)
[940/5172] 38 spoons -> 下载完成 (尝试 1 次)
[941/5172] 38 sportsman -> 下载完成 (尝试 1 次)
[942/5172] 38 spot -> 下载完成 (尝试 1 次)
[944/5172] 38 stack -> 下载完成 (尝试 1 次)
[943/5172] 38 stability -> 下载完成 (尝试 1 次)
[945/5172] 38 stage -> 下载完成 (尝试 1 次)
[946/5172] 38 stair -> 下载完成 (尝试 1 次)
[948/5172] 38 star -> 下载完成 (尝试 1 次)
[947/5172] 38 standard -> 下载完成 (尝试 1 次)
[950/5172] 38 starting -> 下载完成 (尝试 1 次)
[949/5172] 38 starter -> 下载完成 (尝试 1 次)
[951/5172] 38 state -> 下载完成 (尝试 1 次)
[954/5172] 38 status -> 下载完成 (尝试 1 次)
[952/5172] 38 statement -> 下载完成 (尝试 1 次)
[953/5172] 38 station -> 下载完成 (尝试 1 次)
[955/5172] 38 steak -> 下载完成 (尝试 1 次)
[956/5172] 38 steam -> 下载完成 (尝试 1 次)
[957/5172] 38 step -> 下载完成 (尝试 1 次)
[959/5172] 38 stock -> 下载完成 (尝试 1 次)
[958/5172] 38 sting -> 下载完成 (尝试 1 次)
[960/5172] 38 stomach -> 下载完成 (尝试 1 次)
[962/5172] 38 stone -> 下载完成 (尝试 1 次)
[961/5172] 38 stomachache -> 下载完成 (尝试 1 次)
[963/5172] 38 store -> 下载完成 (尝试 1 次)
[965/5172] 38 strategy -> 下载完成 (尝试 1 次)
[964/5172] 38 story -> 下载完成 (尝试 1 次)
[966/5172] 38 strength -> 下载完成 (尝试 1 次)
[968/5172] 38 style -> 下载完成 (尝试 1 次)
[967/5172] 38 strike -> 下载完成 (尝试 1 次)
[969/5172] 38 subject -> 下载完成 (尝试 1 次)
[970/5172] 38 suit -> 下载完成 (尝试 1 次)
[971/5172] 38 subsidy -> 下载完成 (尝试 1 次)
[972/5172] 38 suburb -> 下载完成 (尝试 1 次)
[973/5172] 38 sugar -> 下载完成 (尝试 1 次)
[975/5172] 38 sunshield -> 下载完成 (尝试 1 次)
[974/5172] 38 surface -> 下载完成 (尝试 1 次)
[978/5172] 38 survey -> 下载完成 (尝试 1 次)
[976/5172] 38 supervisor -> 下载完成 (尝试 1 次)
[979/5172] 38 surgeon -> 下载完成 (尝试 1 次)
[977/5172] 38 supports -> 下载完成 (尝试 1 次)
[980/5172] 38 surname -> 下载完成 (尝试 1 次)
[985/5172] 38 switch -> 下载完成 (尝试 1 次)
[982/5172] 38 switches -> 下载完成 (尝试 1 次)
[984/5172] 38 sweater -> 下载完成 (尝试 1 次)
[981/5172] 38 surprise -> 下载完成 (尝试 1 次)
[986/5172] 38 system -> 下载完成 (尝试 1 次)
[983/5172] 38 survival -> 下载完成 (尝试 1 次)
[989/5172] 38 syrup -> 下载完成 (尝试 1 次)
[987/5172] 38 symptom -> 下载完成 (尝试 1 次)
[991/5172] 38 table -> 下载完成 (尝试 1 次)
[988/5172] 38 syndicate -> 下载完成 (尝试 1 次)
[990/5172] 38 tax -> 下载完成 (尝试 1 次)
[992/5172] 38 tablet -> 下载完成 (尝试 1 次)
[994/5172] 39 taxi -> 下载完成 (尝试 1 次)
[993/5172] 38 tape -> 下载完成 (尝试 1 次)
[998/5172] 39 team -> 下载完成 (尝试 1 次)
[995/5172] 39 tea -> 下载完成 (尝试 1 次)
[997/5172] 39 teaching -> 下载完成 (尝试 1 次)
[996/5172] 39 teacher -> 下载完成 (尝试 1 次)
[999/5172] 39 jargon -> 下载完成 (尝试 1 次)
[1002/5172] 39 teeth -> 下载完成 (尝试 1 次)
[1000/5172] 39 term -> 下载完成 (尝试 1 次)
[1003/5172] 39 telephone -> 下载完成 (尝试 1 次)
[1001/5172] 39 technology -> 下载完成 (尝试 1 次)
[1004/5172] 39 telescope -> 下载完成 (尝试 1 次)
[1006/5172] 39 temper -> 下载完成 (尝试 1 次)
[1005/5172] 39 television -> 下载完成 (尝试 1 次)
[1007/5172] 39 temple -> 下载完成 (尝试 1 次)
[1009/5172] 39 texture -> 下载完成 (尝试 1 次)
[1008/5172] 39 text -> 下载完成 (尝试 1 次)
[1010/5172] 39 galaxy -> 下载完成 (尝试 1 次)
[1011/5172] 39 theft -> 下载完成 (尝试 1 次)
[1012/5172] 39 theory -> 下载完成 (尝试 1 次)
[1013/5172] 39 therapist -> 下载完成 (尝试 1 次)
[1014/5172] 39 therapy -> 下载完成 (尝试 1 次)
[1016/5172] 39 thief -> 下载完成 (尝试 1 次)
[1015/5172] 39 thesis -> 下载完成 (尝试 1 次)
[1019/5172] 39 third -> 下载完成 (尝试 1 次)
[1017/5172] 39 thieves -> 下载完成 (尝试 1 次)
[1018/5172] 39 thinking -> 下载完成 (尝试 1 次)
[1020/5172] 39 thought -> 下载完成 (尝试 1 次)
[1021/5172] 39 threat -> 下载完成 (尝试 1 次)
[1022/5172] 39 thriller -> 下载完成 (尝试 1 次)
[1023/5172] 39 ticket -> 下载完成 (尝试 1 次)
[1027/5172] 39 timber -> 下载完成 (尝试 1 次)
[1025/5172] 39 tides -> 下载完成 (尝试 1 次)
[1024/5172] 39 tide -> 下载完成 (尝试 1 次)
[1026/5172] 39 tile -> 下载完成 (尝试 1 次)
[1028/5172] 39 time -> 下载完成 (尝试 1 次)
[1029/5172] 39 title -> 下载完成 (尝试 1 次)
[1031/5172] 39 toilet -> 下载完成 (尝试 1 次)
[1030/5172] 39 toaster -> 下载完成 (尝试 1 次)
[1033/5172] 39 tone -> 下载完成 (尝试 1 次)
[1034/5172] 39 tool -> 下载完成 (尝试 1 次)
[1032/5172] 39 tomato -> 下载完成 (尝试 1 次)
[1036/5172] 39 topic -> 下载完成 (尝试 1 次)
[1035/5172] 39 top -> 下载完成 (尝试 1 次)
[1037/5172] 39 total -> 下载完成 (尝试 1 次)
[1038/5172] 39 touching -> 下载完成 (尝试 1 次)
[1039/5172] 39 tour -> 下载完成 (尝试 1 次)
[1040/5172] 39 touring -> 下载完成 (尝试 1 次)
[1041/5172] 39 tourism -> 下载完成 (尝试 1 次)
[1042/5172] 39 tourist -> 下载完成 (尝试 1 次)
[1044/5172] 39 tower -> 下载完成 (尝试 1 次)
[1043/5172] 39 towel -> 下载完成 (尝试 1 次)
[1045/5172] 39 town -> 下载完成 (尝试 1 次)
[1046/5172] 39 track -> 下载完成 (尝试 1 次)
[1047/5172] 39 tractor -> 下载完成 (尝试 1 次)
[1048/5172] 39 trade -> 下载完成 (尝试 1 次)
[1049/5172] 39 tram -> 下载完成 (尝试 1 次)
[1050/5172] 39 tragedy -> 下载完成 (尝试 1 次)
[1051/5172] 39 trailer -> 下载完成 (尝试 1 次)
[1053/5172] 39 trend -> 下载完成 (尝试 1 次)
[1052/5172] 39 training -> 下载完成 (尝试 1 次)
[1054/5172] 39 travel -> 下载完成 (尝试 1 次)
[1055/5172] 39 traveller -> 下载完成 (尝试 1 次)
[1057/5172] 39 trip -> 下载完成 (尝试 1 次)
[1056/5172] 39 treatment -> 下载完成 (尝试 1 次)
[1059/5172] 39 tribute -> 下载完成 (尝试 1 次)
[1058/5172] 39 tribe -> 下载完成 (尝试 1 次)
[1060/5172] 39 tributes -> 下载完成 (尝试 1 次)
[1061/5172] 39 trinity -> 下载完成 (尝试 1 次)
[1063/5172] 39 trouble -> 下载完成 (尝试 1 次)
[1062/5172] 39 trolley -> 下载完成 (尝试 1 次)
[1064/5172] 39 tube -> 下载完成 (尝试 1 次)
[1065/5172] 39 tunnels -> 下载完成 (尝试 1 次)
[1066/5172] 39 tuition -> 下载完成 (尝试 1 次)
[1068/5172] 39 tunes -> 下载完成 (尝试 1 次)
[1069/5172] 39 tutor -> 下载完成 (尝试 1 次)
[1067/5172] 39 tune -> 下载完成 (尝试 1 次)
[1070/5172] 39 type -> 下载完成 (尝试 1 次)
[1071/5172] 39 umpire -> 下载完成 (尝试 1 次)
[1072/5172] 39 understanding -> 下载完成 (尝试 1 次)
[1075/5172] 39 union -> 下载完成 (尝试 1 次)
[1074/5172] 39 uniform -> 下载完成 (尝试 1 次)
[1073/5172] 39 utensil -> 下载完成 (尝试 1 次)
[1077/5172] 39 usage -> 下载完成 (尝试 1 次)
[1076/5172] 39 university -> 下载完成 (尝试 1 次)
[1079/5172] 39 vacation -> 下载完成 (尝试 1 次)
[1078/5172] 39 vacancy -> 下载完成 (尝试 1 次)
[1080/5172] 39 value -> 下载完成 (尝试 1 次)
[1081/5172] 39 particulars -> 下载完成 (尝试 1 次)
[1082/5172] 39 variety -> 下载完成 (尝试 1 次)
[1083/5172] 39 vegetable -> 下载完成 (尝试 1 次)
[1086/5172] 39 video -> 下载完成 (尝试 1 次)
[1085/5172] 39 vet -> 下载完成 (尝试 1 次)
[1084/5172] 39 velvet -> 下载完成 (尝试 1 次)
[1087/5172] 39 view -> 下载完成 (尝试 1 次)
[1088/5172] 39 village -> 下载完成 (尝试 1 次)
[1089/5172] 39 vinegar -> 下载完成 (尝试 1 次)
[1090/5172] 39 visa -> 下载完成 (尝试 1 次)
[1091/5172] 39 visitor -> 下载完成 (尝试 1 次)
[1092/5172] 39 vitamin -> 下载完成 (尝试 1 次)
[1093/5172] 39 vocation -> 下载完成 (尝试 1 次)
[1094/5172] 39 volunteer -> 下载完成 (尝试 1 次)
[1095/5172] 39 volunteers -> 下载完成 (尝试 1 次)
[1096/5172] 39 waist -> 下载完成 (尝试 1 次)
[1098/5172] 39 walk -> 下载完成 (尝试 1 次)
[1097/5172] 39 waiter -> 下载完成 (尝试 1 次)
[1099/5172] 39 walking -> 下载完成 (尝试 1 次)
[1102/5172] 39 warming -> 下载完成 (尝试 1 次)
[1101/5172] 39 world -> 下载完成 (尝试 1 次)
[1103/5172] 39 washing -> 下载完成 (尝试 1 次)
[1104/5172] 39 wasp -> 下载完成 (尝试 1 次)
[1105/5172] 39 waste -> 下载完成 (尝试 1 次)
[1107/5172] 39 water -> 下载完成 (尝试 1 次)
[1100/5172] 39 wall -> 下载完成 (尝试 1 次)
[1106/5172] 39 wasteland -> 下载完成 (尝试 1 次)
[1109/5172] 39 wax -> 下载完成 (尝试 1 次)
[1108/5172] 39 wave -> 下载完成 (尝试 1 次)
[1110/5172] 39 wealth -> 下载完成 (尝试 1 次)
[1113/5172] 39 weeds -> 下载完成 (尝试 1 次)
[1111/5172] 39 weapon -> 下载完成 (尝试 1 次)
[1112/5172] 39 weather -> 下载完成 (尝试 1 次)
[1114/5172] 39 week -> 下载完成 (尝试 1 次)
[1115/5172] 39 weekday -> 下载完成 (尝试 1 次)
[1117/5172] 39 weight -> 下载完成 (尝试 1 次)
[1116/5172] 39 weekend -> 下载完成 (尝试 1 次)
[1119/5172] 39 west -> 下载完成 (尝试 1 次)
[1118/5172] 39 welfare -> 下载完成 (尝试 1 次)
[1121/5172] 39 whale -> 下载完成 (尝试 1 次)
[1122/5172] 39 wheel -> 下载完成 (尝试 1 次)
[1120/5172] 39 wetland -> 下载完成 (尝试 1 次)
[1123/5172] 39 width -> 下载完成 (尝试 1 次)
[1126/5172] 39 wing -> 下载完成 (尝试 1 次)
[1124/5172] 39 willows -> 下载完成 (尝试 1 次)
[1125/5172] 39 wind -> 下载完成 (尝试 1 次)
[1128/5172] 39 workforce -> 下载完成 (尝试 1 次)
[1127/5172] 39 word -> 下载完成 (尝试 1 次)
[1129/5172] 39 working -> 下载完成 (尝试 1 次)
[1132/5172] 39 year -> 下载完成 (尝试 1 次)
[1131/5172] 39 writing -> 下载完成 (尝试 1 次)
[1130/5172] 39 wound -> 下载完成 (尝试 1 次)
[1134/5172] 39 youth -> 下载完成 (尝试 1 次)
[1135/5172] 39 zero -> 下载完成 (尝试 1 次)
[1133/5172] 39 yoga -> 下载完成 (尝试 1 次)
[1137/5172] 41 academic -> 下载完成 (尝试 1 次)
[1136/5172] 41 abnormal -> 下载完成 (尝试 1 次)
[1138/5172] 41 accessible -> 下载完成 (尝试 1 次)
[1141/5172] 41 additional -> 下载完成 (尝试 1 次)
[1139/5172] 41 accountable -> 下载完成 (尝试 1 次)
[1140/5172] 41 accurate -> 下载完成 (尝试 1 次)
[1142/5172] 41 adequate -> 下载完成 (尝试 1 次)
[1143/5172] 41 advanced -> 下载完成 (尝试 1 次)
[1144/5172] 41 advisable -> 下载完成 (尝试 1 次)
[1146/5172] 41 alternative -> 下载完成 (尝试 1 次)
[1147/5172] 41 amazing -> 下载完成 (尝试 1 次)
[1148/5172] 41 ambiguous -> 下载完成 (尝试 1 次)
[1149/5172] 41 ambitious -> 下载完成 (尝试 1 次)
[1145/5172] 41 allergic -> 下载完成 (尝试 1 次)
[1150/5172] 41 analytical -> 下载完成 (尝试 1 次)
[1151/5172] 41 ancient -> 下载完成 (尝试 1 次)
[1152/5172] 41 angry -> 下载完成 (尝试 1 次)
[1153/5172] 41 applied -> 下载完成 (尝试 1 次)
[1155/5172] 41 artificial -> 下载完成 (尝试 1 次)
[1154/5172] 41 archaeological -> 下载完成 (尝试 1 次)
[1156/5172] 41 artistic -> 下载完成 (尝试 1 次)
[1157/5172] 41 ascending -> 下载完成 (尝试 1 次)
[1159/5172] 41 attentive -> 下载完成 (尝试 1 次)
[1158/5172] 41 atmospheric -> 下载完成 (尝试 1 次)
[1160/5172] 41 audio -> 下载完成 (尝试 1 次)
[1161/5172] 41 available -> 下载完成 (尝试 1 次)
[1162/5172] 41 aware -> 下载完成 (尝试 1 次)
[1163/5172] 41 awful -> 下载完成 (尝试 1 次)
[1165/5172] 41 bald -> 下载完成 (尝试 1 次)
[1164/5172] 41 auto -> 下载完成 (尝试 1 次)
[1166/5172] 41 barren -> 下载完成 (尝试 1 次)
[1167/5172] 41 basic -> 下载完成 (尝试 1 次)
[1169/5172] 41 biological -> 下载完成 (尝试 1 次)
[1168/5172] 41 beautiful -> 下载完成 (尝试 1 次)
[1171/5172] 41 blond -> 下载完成 (尝试 1 次)
[1170/5172] 41 blind -> 下载完成 (尝试 1 次)
[1172/5172] 41 british -> 下载完成 (尝试 1 次)
[1173/5172] 41 broad -> 下载完成 (尝试 1 次)
[1174/5172] 41 buried -> 下载完成 (尝试 1 次)
[1177/5172] 41 central -> 下载完成 (尝试 1 次)
[1176/5172] 41 casual -> 下载完成 (尝试 1 次)
[1175/5172] 41 calculating -> 下载完成 (尝试 1 次)
[1178/5172] 41 challenging -> 下载完成 (尝试 1 次)
[1179/5172] 41 cheaper -> 下载完成 (尝试 1 次)
[1180/5172] 41 cheerful -> 下载完成 (尝试 1 次)
[1183/5172] 41 clean -> 下载完成 (尝试 1 次)
[1181/5172] 41 children's -> 下载完成 (尝试 1 次)
[1182/5172] 41 classical -> 下载完成 (尝试 1 次)
[1184/5172] 41 cleanest -> 下载完成 (尝试 1 次)
[1185/5172] 41 clear -> 下载完成 (尝试 1 次)
[1186/5172] 41 clever -> 下载完成 (尝试 1 次)
[1189/5172] 41 common -> 下载完成 (尝试 1 次)
[1187/5172] 41 coastal -> 下载完成 (尝试 1 次)
[1188/5172] 41 comfortable -> 下载完成 (尝试 1 次)
[1191/5172] 41 complete -> 下载完成 (尝试 1 次)
[1190/5172] 41 commonsense -> 下载完成 (尝试 1 次)
[1192/5172] 41 completed -> 下载完成 (尝试 1 次)
[1193/5172] 41 confident -> 下载完成 (尝试 1 次)
[1195/5172] 41 convenient -> 下载完成 (尝试 1 次)
[1194/5172] 41 conservative -> 下载完成 (尝试 1 次)
[1196/5172] 41 co-operative -> 下载完成 (尝试 1 次)
[1197/5172] 41 corrupt -> 下载完成 (尝试 1 次)
[1198/5172] 41 costly -> 下载完成 (尝试 1 次)
[1199/5172] 41 cream -> 下载完成 (尝试 1 次)
[1200/5172] 41 critical -> 下载完成 (尝试 1 次)
[1201/5172] 41 crucial -> 下载完成 (尝试 1 次)
[1203/5172] 41 curly -> 下载完成 (尝试 1 次)
[1204/5172] 41 current -> 下载完成 (尝试 1 次)
[1202/5172] 41 cultural -> 下载完成 (尝试 1 次)
[1205/5172] 41 daily -> 下载完成 (尝试 1 次)
[1206/5172] 41 dairy -> 下载完成 (尝试 1 次)
[1208/5172] 41 dark -> 下载完成 (尝试 1 次)
[1207/5172] 41 dangerous -> 下载完成 (尝试 1 次)
[1209/5172] 41 departmental -> 下载完成 (尝试 1 次)
[1210/5172] 41 dependent -> 下载完成 (尝试 1 次)
[1211/5172] 41 detailed -> 下载完成 (尝试 1 次)
[1212/5172] 41 different -> 下载完成 (尝试 1 次)
[1213/5172] 41 direct -> 下载完成 (尝试 1 次)
[1214/5172] 41 disabled -> 下载完成 (尝试 1 次)
[1216/5172] 41 distinct -> 下载完成 (尝试 1 次)
[1215/5172] 41 distant -> 下载完成 (尝试 1 次)
[1217/5172] 41 domestic -> 下载完成 (尝试 1 次)
[1218/5172] 41 dominant -> 下载完成 (尝试 1 次)
[1219/5172] 41 eastern -> 下载完成 (尝试 1 次)
[1220/5172] 41 economic -> 下载完成 (尝试 1 次)
[1222/5172] 41 effective -> 下载完成 (尝试 1 次)
[1221/5172] 41 educational -> 下载完成 (尝试 1 次)
[1223/5172] 41 efficient -> 下载完成 (尝试 1 次)
[1224/5172] 41 elementary -> 下载完成 (尝试 1 次)
[1225/5172] 41 empty -> 下载完成 (尝试 1 次)
[1226/5172] 41 enormous -> 下载完成 (尝试 1 次)
[1229/5172] 41 essential -> 下载完成 (尝试 1 次)
[1228/5172] 41 environmental -> 下载完成 (尝试 1 次)
[1227/5172] 41 enthusiastic -> 下载完成 (尝试 1 次)
[1230/5172] 41 excited -> 下载完成 (尝试 1 次)
[1231/5172] 41 exciting -> 下载完成 (尝试 1 次)
[1232/5172] 41 existent -> 下载完成 (尝试 1 次)
[1233/5172] 41 expensive -> 下载完成 (尝试 1 次)
[1235/5172] 41 experimental -> 下载完成 (尝试 1 次)
[1234/5172] 41 experienced -> 下载完成 (尝试 1 次)
[1236/5172] 41 extensive -> 下载完成 (尝试 1 次)
[1237/5172] 41 extra -> 下载完成 (尝试 1 次)
[1238/5172] 41 fair -> 下载完成 (尝试 1 次)
[1239/5172] 41 fake -> 下载完成 (尝试 1 次)
[1240/5172] 42 famed -> 下载完成 (尝试 1 次)
[1241/5172] 42 familiar -> 下载完成 (尝试 1 次)
[1243/5172] 42 fancy -> 下载完成 (尝试 1 次)
[1242/5172] 42 famous -> 下载完成 (尝试 1 次)
[1244/5172] 42 fashionable -> 下载完成 (尝试 1 次)
[1245/5172] 42 favourite -> 下载完成 (尝试 1 次)
[1246/5172] 42 final -> 下载完成 (尝试 1 次)
[1247/5172] 42 financial -> 下载完成 (尝试 1 次)
[1248/5172] 42 fine -> 下载完成 (尝试 1 次)
[1249/5172] 42 firm -> 下载完成 (尝试 1 次)
[1250/5172] 42 flexible -> 下载完成 (尝试 1 次)
[1251/5172] 42 foreign -> 下载完成 (尝试 1 次)
[1253/5172] 42 former -> 下载完成 (尝试 1 次)
[1252/5172] 42 formal -> 下载完成 (尝试 1 次)
[1254/5172] 42 free -> 下载完成 (尝试 1 次)
[1255/5172] 42 frequent -> 下载完成 (尝试 1 次)
[1257/5172] 42 further -> 下载完成 (尝试 1 次)
[1256/5172] 42 fundamental -> 下载完成 (尝试 1 次)
[1258/5172] 42 general -> 下载完成 (尝试 1 次)
[1259/5172] 42 genetic -> 下载完成 (尝试 1 次)
[1260/5172] 42 geographical -> 下载完成 (尝试 1 次)
[1261/5172] 42 global -> 下载完成 (尝试 1 次)
[1262/5172] 42 handy -> 下载完成 (尝试 1 次)
[1263/5172] 42 harmful -> 下载完成 (尝试 1 次)
[1265/5172] 42 healthy -> 下载完成 (尝试 1 次)
[1264/5172] 42 hazardous -> 下载完成 (尝试 1 次)
[1266/5172] 42 heavier -> 下载完成 (尝试 1 次)
[1267/5172] 42 heavy -> 下载完成 (尝试 1 次)
[1269/5172] 42 herbivorous -> 下载完成 (尝试 1 次)
[1268/5172] 42 helpful -> 下载完成 (尝试 1 次)
[1270/5172] 42 higher -> 下载完成 (尝试 1 次)
[1273/5172] 42 least -> 下载完成 (尝试 1 次)
[1272/5172] 42 historical -> 下载完成 (尝试 1 次)
[1271/5172] 42 highly-trained -> 下载完成 (尝试 1 次)
[1274/5172] 42 ill -> 下载完成 (尝试 1 次)
[1275/5172] 42 illegal -> 下载完成 (尝试 1 次)
[1276/5172] 42 immune -> 下载完成 (尝试 1 次)
[1279/5172] 42 inaccurate -> 下载完成 (尝试 1 次)
[1278/5172] 42 impossible -> 下载完成 (尝试 1 次)
[1277/5172] 42 important -> 下载完成 (尝试 1 次)
[1280/5172] 42 inadequate -> 下载完成 (尝试 1 次)
[1281/5172] 42 individual -> 下载完成 (尝试 1 次)
[1282/5172] 42 industrial -> 下载完成 (尝试 1 次)
[1284/5172] 42 initial -> 下载完成 (尝试 1 次)
[1283/5172] 42 informative -> 下载完成 (尝试 1 次)
[1285/5172] 42 inspiring -> 下载完成 (尝试 1 次)
[1286/5172] 42 intact -> 下载完成 (尝试 1 次)
[1287/5172] 42 intelligent -> 下载完成 (尝试 1 次)
[1288/5172] 42 intensive -> 下载完成 (尝试 1 次)
[1289/5172] 42 interesting -> 下载完成 (尝试 1 次)
[1290/5172] 42 intermediate -> 下载完成 (尝试 1 次)
[1292/5172] 42 international -> 下载完成 (尝试 1 次)
[1291/5172] 42 internal -> 下载完成 (尝试 1 次)
[1296/5172] 42 key -> 下载完成 (尝试 1 次)
[1294/5172] 42 irritable -> 下载完成 (尝试 1 次)
[1293/5172] 42 irregular -> 下载完成 (尝试 1 次)
[1295/5172] 42 isolated -> 下载完成 (尝试 1 次)
[1298/5172] 42 legal -> 下载完成 (尝试 1 次)
[1297/5172] 42 latest -> 下载完成 (尝试 1 次)
[1300/5172] 42 loyal -> 下载完成 (尝试 1 次)
[1301/5172] 42 magic -> 下载完成 (尝试 1 次)
[1299/5172] 42 little-known -> 下载完成 (尝试 1 次)
[1302/5172] 42 magical -> 下载完成 (尝试 1 次)
[1303/5172] 42 magnificent -> 下载完成 (尝试 1 次)
[1304/5172] 42 major -> 下载完成 (尝试 1 次)
[1305/5172] 42 martial -> 下载完成 (尝试 1 次)
[1307/5172] 42 medical -> 下载完成 (尝试 1 次)
[1306/5172] 42 mature -> 下载完成 (尝试 1 次)
[1309/5172] 42 mid -> 下载完成 (尝试 1 次)
[1308/5172] 42 mental -> 下载完成 (尝试 1 次)
[1310/5172] 42 migratory -> 下载完成 (尝试 1 次)
[1311/5172] 42 military -> 下载完成 (尝试 1 次)
[1312/5172] 42 miserable -> 下载完成 (尝试 1 次)
[1315/5172] 42 modern -> 下载完成 (尝试 1 次)
[1314/5172] 42 moderate -> 下载完成 (尝试 1 次)
[1316/5172] 42 musical -> 下载完成 (尝试 1 次)
[1313/5172] 42 mobile -> 下载完成 (尝试 1 次)
[1317/5172] 42 natural -> 下载完成 (尝试 1 次)
[1320/5172] 42 nervous -> 下载完成 (尝试 1 次)
[1319/5172] 42 neighbouring -> 下载完成 (尝试 1 次)
[1321/5172] 42 noble -> 下载完成 (尝试 1 次)
[1322/5172] 42 noisy -> 下载完成 (尝试 1 次)
[1318/5172] 42 negative -> 下载完成 (尝试 1 次)
[1323/5172] 42 non-active -> 下载完成 (尝试 1 次)
[1324/5172] 42 normal -> 下载完成 (尝试 1 次)
[1325/5172] 42 northern -> 下载完成 (尝试 1 次)
[1328/5172] 42 olympic -> 下载完成 (尝试 1 次)
[1327/5172] 42 occupational -> 下载完成 (尝试 1 次)
[1326/5172] 42 objective -> 下载完成 (尝试 1 次)
[1329/5172] 42 optic -> 下载完成 (尝试 1 次)
[1330/5172] 42 optional -> 下载完成 (尝试 1 次)
[1331/5172] 42 oral -> 下载完成 (尝试 1 次)
[1332/5172] 42 organic -> 下载完成 (尝试 1 次)
[1334/5172] 42 overhead -> 下载完成 (尝试 1 次)
[1333/5172] 42 overall -> 下载完成 (尝试 1 次)
[1337/5172] 42 payable -> 下载完成 (尝试 1 次)
[1335/5172] 42 overseas -> 下载完成 (尝试 1 次)
[1336/5172] 42 parental -> 下载完成 (尝试 1 次)
[1338/5172] 42 perfect -> 下载完成 (尝试 1 次)
[1339/5172] 42 personal -> 下载完成 (尝试 1 次)
[1340/5172] 42 physical -> 下载完成 (尝试 1 次)
[1341/5172] 42 pleasant -> 下载完成 (尝试 1 次)
[1342/5172] 42 political -> 下载完成 (尝试 1 次)
[1343/5172] 42 pop -> 下载完成 (尝试 1 次)
[1344/5172] 43 popular -> 下载完成 (尝试 1 次)
[1345/5172] 43 positive -> 下载完成 (尝试 1 次)
[1346/5172] 43 possible -> 下载完成 (尝试 1 次)
[1349/5172] 43 precious -> 下载完成 (尝试 1 次)
[1347/5172] 43 potential -> 下载完成 (尝试 1 次)
[1348/5172] 43 practical -> 下载完成 (尝试 1 次)
[1350/5172] 43 predictable -> 下载完成 (尝试 1 次)
[1352/5172] 43 previous -> 下载完成 (尝试 1 次)
[1351/5172] 43 present -> 下载完成 (尝试 1 次)
[1353/5172] 43 printed -> 下载完成 (尝试 1 次)
[1354/5172] 43 private -> 下载完成 (尝试 1 次)
[1355/5172] 43 professional -> 下载完成 (尝试 1 次)
[1356/5172] 43 promising -> 下载完成 (尝试 1 次)
[1358/5172] 43 psychological -> 下载完成 (尝试 1 次)
[1357/5172] 43 psychiatric -> 下载完成 (尝试 1 次)
[1359/5172] 43 public -> 下载完成 (尝试 1 次)
[1360/5172] 43 pure -> 下载完成 (尝试 1 次)
[1362/5172] 43 queen's -> 下载完成 (尝试 1 次)
[1361/5172] 43 purest -> 下载完成 (尝试 1 次)
[1363/5172] 43 random -> 下载完成 (尝试 1 次)
[1364/5172] 43 rapid -> 下载完成 (尝试 1 次)
[1365/5172] 43 rare -> 下载完成 (尝试 1 次)
[1366/5172] 43 raw -> 下载完成 (尝试 1 次)
[1369/5172] 43 regional -> 下载完成 (尝试 1 次)
[1368/5172] 43 redundant -> 下载完成 (尝试 1 次)
[1367/5172] 43 recycled -> 下载完成 (尝试 1 次)
[1370/5172] 43 regular -> 下载完成 (尝试 1 次)
[1371/5172] 43 reinforced -> 下载完成 (尝试 1 次)
[1372/5172] 43 related -> 下载完成 (尝试 1 次)
[1374/5172] 43 reliable -> 下载完成 (尝试 1 次)
[1376/5172] 43 resistant -> 下载完成 (尝试 1 次)
[1373/5172] 43 relevant -> 下载完成 (尝试 1 次)
[1375/5172] 43 remote -> 下载完成 (尝试 1 次)
[1377/5172] 43 reverse -> 下载完成 (尝试 1 次)
[1381/5172] 43 sacked -> 下载完成 (尝试 1 次)
[1380/5172] 43 rural -> 下载完成 (尝试 1 次)
[1382/5172] 43 safe -> 下载完成 (尝试 1 次)
[1379/5172] 43 royal -> 下载完成 (尝试 1 次)
[1378/5172] 43 rising -> 下载完成 (尝试 1 次)
[1383/5172] 43 satisfactory -> 下载完成 (尝试 1 次)
[1384/5172] 43 scarce -> 下载完成 (尝试 1 次)
[1387/5172] 43 seasoned -> 下载完成 (尝试 1 次)
[1386/5172] 43 seasonal -> 下载完成 (尝试 1 次)
[1385/5172] 43 scientific -> 下载完成 (尝试 1 次)
[1388/5172] 43 secondary -> 下载完成 (尝试 1 次)
[1389/5172] 43 second-hand -> 下载完成 (尝试 1 次)
[1393/5172] 43 sensible -> 下载完成 (尝试 1 次)
[1392/5172] 43 senior -> 下载完成 (尝试 1 次)
[1390/5172] 43 self-funded -> 下载完成 (尝试 1 次)[1482/5172] 51 a great variety of -> 下载失败: HTTP 404
[1484/5172] 51 a couple of -> 下载失败: HTTP 404
[1483/5172] 51 a balanced diet -> 下载失败: HTTP 404
[1485/5172] 51 a pair of glasses -> 下载失败: HTTP 404
[1486/5172] 51 a period of time -> 下载失败: HTTP 404
[1487/5172] 51 a plus -> 下载失败: HTTP 404
[1488/5172] 51 a series of -> 下载失败: HTTP 404
[1489/5172] 51 a serious person -> 下载失败: HTTP 404
[1490/5172] 51 a sharp turn -> 下载失败: HTTP 404
[1492/5172] 51 academic english -> 下载失败: HTTP 404
[1493/5172] 51 academic problems -> 下载失败: HTTP 404
[1494/5172] 51 academic system -> 下载失败: HTTP 404
[1496/5172] 51 accommodation expense -> 下载失败: HTTP 404
[1497/5172] 51 accommodation fee -> 下载失败: HTTP 404
[1495/5172] 51 academic teaching staff -> 下载失败: HTTP 404
[1498/5172] 51 accommodation form -> 下载失败: HTTP 404
[1500/5172] 51 action plan -> 下载失败: HTTP 404
[1503/5172] 51 admission office -> 下载失败: HTTP 404
[1502/5172] 51 admission card -> 下载失败: HTTP 404
[1501/5172] 51 added panic -> 下载失败: HTTP 404
[1505/5172] 51 advanced course -> 下载失败: HTTP 404
[1504/5172] 51 adult students -> 下载失败: HTTP 404
[1506/5172] 51 advanced degree -> 下载失败: HTTP 404
[1507/5172] 51 advanced english studies -> 下载失败: HTTP 404
[1508/5172] 51 agrarian reform -> 下载失败: HTTP 404
[1509/5172] 51 ahead of time -> 下载失败: HTTP 404
[1510/5172] 51 aim of lecture -> 下载失败: HTTP 404
[1512/5172] 51 air pollution -> 下载失败: HTTP 404
[1513/5172] 51 air pump -> 下载失败: HTTP 404
[1516/5172] 51 alarm system -> 下载失败: HTTP 404
[1514/5172] 51 air shuttle bus -> 下载失败: HTTP 404
[1515/5172] 51 air conditioner -> 下载失败: HTTP 404
[1517/5172] 51 alternative energies -> 下载失败: HTTP 404
[1519/5172] 51 amusement park -> 下载失败: HTTP 404
[1520/5172] 51 an educational film -> 下载失败: HTTP 404
[1521/5172] 51 analyse data -> 下载失败: HTTP 404
[1522/5172] 51 ancient temple -> 下载失败: HTTP 404
[1523/5172] 51 annual membership fee -> 下载失败: HTTP 404
[1524/5172] 51 answer questions -> 下载失败: HTTP 404
[1526/5172] 51 antibiotics and acid -> 下载失败: HTTP 404
[1528/5172] 51 apple juice -> 下载失败: HTTP 404
[1525/5172] 51 ant intelligence -> 下载失败: HTTP 404
[1529/5172] 51 application form -> 下载失败: HTTP 404
[1530/5172] 51 applied mathematics -> 下载失败: HTTP 404
[1532/5172] 51 architecture style -> 下载失败: HTTP 404
[1533/5172] 51 arctic ocean -> 下载失败: HTTP 404
[1531/5172] 51 applied science -> 下载失败: HTTP 404
[1534/5172] 51 atlantic ocean -> 下载失败: HTTP 404
[1535/5172] 51 avoid touching rocks -> 下载失败: HTTP 404
[1536/5172] 51 arm badge -> 下载失败: HTTP 404
[1537/5172] 51 arrive at one's destination -> 下载失败: HTTP 404
[1538/5172] 51 art gallery -> 下载失败: HTTP 404
[1540/5172] 51 articles from journal -> 下载失败: HTTP 404
[1539/5172] 51 art museum -> 下载失败: HTTP 404
[1541/5172] 51 artistic approach -> 下载失败: HTTP 404
[1542/5172] 51 asian studies -> 下载失败: HTTP 404
[1543/5172] 51 assessment methods -> 下载失败: HTTP 404
[1544/5172] 51 assessment of patients -> 下载失败: HTTP 404
[1546/5172] 51 associate with -> 下载失败: HTTP 404
[1545/5172] 51 assistant professor -> 下载失败: HTTP 404
[1547/5172] 51 assume the responsibility -> 下载失败: HTTP 404
[1548/5172] 51 at least -> 下载失败: HTTP 404
[1549/5172] 51 area for improvement -> 下载失败: HTTP 404
[1553/5172] 51 australian dollars -> 下载失败: HTTP 404
[1551/5172] 51 atmospheric pollution -> 下载失败: HTTP 404
[1552/5172] 51 atmospheric warming -> 下载失败: HTTP 404
[1554/5172] 51 average ability -> 下载失败: HTTP 404
[1559/5172] 51 bad management -> 下载失败: HTTP 404
[1558/5172] 51 bad eyesight -> 下载失败: HTTP 404
[1557/5172] 51 bachelor's degree -> 下载失败: HTTP 404
[1560/5172] 51 baked earth -> 下载失败: HTTP 404
[1561/5172] 51 bank statement -> 下载失败: HTTP 404
[1562/5172] 51 bank transfer -> 下载失败: HTTP 404
[1563/5172] 51 banking centre -> 下载失败: HTTP 404
[1564/5172] 51 bar chart -> 下载失败: HTTP 404
[1565/5172] 51 bar code -> 下载失败: HTTP 404
[1566/5172] 51 barbecue set -> 下载失败: HTTP 404
[1567/5172] 51 barren land -> 下载失败: HTTP 404
[1568/5172] 51 barren mine -> 下载失败: HTTP 404
[1570/5172] 51 basic rule -> 下载失败: HTTP 404
[1569/5172] 51 basic course -> 下载失败: HTTP 404
[1571/5172] 51 be allergic to something -> 下载失败: HTTP 404
[1572/5172] 51 be out of temper -> 下载失败: HTTP 404
[1573/5172] 51 bed sheet -> 下载失败: HTTP 404
[1574/5172] 51 bed linen -> 下载失败: HTTP 404
[1576/5172] 51 beginning course -> 下载失败: HTTP 404
[1575/5172] 51 be prone to -> 下载失败: HTTP 404
[1579/5172] 51 black raincoat -> 下载失败: HTTP 404
[1578/5172] 51 biological clock -> 下载失败: HTTP 404
[1580/5172] 51 black skirt -> 下载失败: HTTP 404
[1581/5172] 51 black tea -> 下载失败: HTTP 404
[1583/5172] 51 black velvet -> 下载失败: HTTP 404
[1582/5172] 51 black trousers -> 下载失败: HTTP 404
[1585/5172] 51 blood flow -> 下载失败: HTTP 404
[1586/5172] 51 blood sample -> 下载失败: HTTP 404
[1588/5172] 51 blue sweater -> 下载失败: HTTP 404
[1589/5172] 51 boarding school -> 下载失败: HTTP 404
[1587/5172] 51 bloom of flowers -> 下载失败: HTTP 404
[1590/5172] 51 boat trip -> 下载失败: HTTP 404
[1591/5172] 51 book in advance -> 下载失败: HTTP 404
[1592/5172] 51 book reservation -> 下载失败: HTTP 404
[1595/5172] 51 botanical garden -> 下载失败: HTTP 404
[1594/5172] 51 bowling alley -> 下载失败: HTTP 404
[1596/5172] 52 bulletin board -> 下载失败: HTTP 404
[1598/5172] 52 breed fish -> 下载失败: HTTP 404
[1599/5172] 52 british council -> 下载失败: HTTP 404
[1600/5172] 52 british library -> 下载失败: HTTP 404
[1601/5172] 52 british museum -> 下载失败: HTTP 404
[1602/5172] 52 broaden one's horizon -> 下载失败: HTTP 404
[1603/5172] 52 broaden one's view -> 下载失败: HTTP 404
[1606/5172] 52 bus pass -> 下载失败: HTTP 404
[1608/5172] 52 business card -> 下载失败: HTTP 404
[1607/5172] 52 bus routes -> 下载失败: HTTP 404
[1610/5172] 52 business culture -> 下载失败: HTTP 404
[1609/5172] 52 business class -> 下载失败: HTTP 404
[1611/5172] 52 business ethics -> 下载失败: HTTP 404
[1612/5172] 52 business faculty -> 下载失败: HTTP 404
[1614/5172] 52 business trip -> 下载失败: HTTP 404
[1613/5172] 52 business studies -> 下载失败: HTTP 404
[1616/5172] 52 cabin keys -> 下载失败: HTTP 404
[1617/5172] 52 cable car -> 下载失败: HTTP 404
[1618/5172] 52 circulation desk -> 下载失败: HTTP 404
[1619/5172] 52 call slip -> 下载失败: HTTP 404
[1620/5172] 52 campus crime -> 下载失败: HTTP 404
[1622/5172] 52 cannot meet the deadline -> 下载失败: HTTP 404
[1624/5172] 52 car rental -> 下载失败: HTTP 404
[1623/5172] 52 car model -> 下载失败: HTTP 404
[1625/5172] 52 car tyres -> 下载失败: HTTP 404
[1627/5172] 52 card catalogue -> 下载失败: HTTP 404
[1626/5172] 52 card index -> 下载失败: HTTP 404
[1628/5172] 52 comment card -> 下载失败: HTTP 404
[1629/5172] 52 carbon dioxide -> 下载失败: HTTP 404
[1632/5172] 52 case study -> 下载失败: HTTP 404
[1631/5172] 52 carving wood -> 下载失败: HTTP 404
[1633/5172] 52 case studies -> 下载失败: HTTP 404
[1634/5172] 52 choices for facilities -> 下载失败: HTTP 404
[1636/5172] 52 cd player -> 下载失败: HTTP 404
[1635/5172] 52 cassette recorders -> 下载失败: HTTP 404
[1638/5172] 52 casual clothes -> 下载失败: HTTP 404
[1639/5172] 52 casual wear -> 下载失败: HTTP 404
[1642/5172] 52 catering facilities -> 下载失败: HTTP 404
[1641/5172] 52 cater to -> 下载失败: HTTP 404
[1643/5172] 52 catering staff -> 下载失败: HTTP 404
[1646/5172] 52 central heating -> 下载失败: HTTP 404
[1645/5172] 52 centre manager -> 下载失败: HTTP 404
[1644/5172] 52 centre hall -> 下载失败: HTTP 404
[1647/5172] 52 central avenue -> 下载失败: HTTP 404
[1648/5172] 52 central park -> 下载失败: HTTP 404
[1649/5172] 52 central station -> 下载失败: HTTP 404
[1652/5172] 52 charity hospital -> 下载失败: HTTP 404
[1650/5172] 52 certificate of childcare -> 下载失败: HTTP 404
[1651/5172] 52 charitable organisation -> 下载失败: HTTP 404
[1653/5172] 52 check in -> 下载失败: HTTP 404
[1654/5172] 52 check out -> 下载失败: HTTP 404
[1656/5172] 52 chest infection -> 下载失败: HTTP 404
[1657/5172] 52 chemistry lab -> 下载失败: HTTP 404
[1658/5172] 52 church road -> 下载失败: HTTP 404
[1660/5172] 52 cheque card -> 下载失败: HTTP 404
[1661/5172] 52 concentrate on -> 下载失败: HTTP 404
[1662/5172] 52 circus performance -> 下载失败: HTTP 404
[1663/5172] 52 children's day -> 下载失败: HTTP 404
[1665/5172] 52 city's expansion -> 下载失败: HTTP 404
[1666/5172] 52 city council -> 下载失败: HTTP 404
[1664/5172] 52 cheese production -> 下载失败: HTTP 404
[1667/5172] 52 city overhead view -> 下载失败: HTTP 404
[1669/5172] 52 class representative -> 下载失败: HTTP 404
[1671/5172] 52 cleaning equipment -> 下载失败: HTTP 404
[1672/5172] 52 cleaning materials -> 下载失败: HTTP 404
[1673/5172] 52 clear argument -> 下载失败: HTTP 404
[1675/5172] 52 coarse texture -> 下载失败: HTTP 404
[1676/5172] 52 comfortable clothes -> 下载失败: HTTP 404
[1678/5172] 52 clock watch -> 下载失败: HTTP 404
[1679/5172] 52 closed shelves -> 下载失败: HTTP 404
[1680/5172] 52 close-book exam -> 下载失败: HTTP 404
[1681/5172] 52 closed reserve -> 下载失败: HTTP 404
[1682/5172] 52 closed-circuit tv -> 下载失败: HTTP 404
[1683/5172] 52 coffee shop -> 下载失败: HTTP 404
[1684/5172] 52 coffee break -> 下载失败: HTTP 404
[1685/5172] 52 coffee machine -> 下载失败: HTTP 404
[1686/5172] 52 collection tank -> 下载失败: HTTP 404
[1688/5172] 52 college close-up -> 下载失败: HTTP 404
[1689/5172] 52 common residence -> 下载失败: HTTP 404
[1692/5172] 52 communication skills -> 下载失败: HTTP 404
[1693/5172] 52 communication strategies -> 下载失败: HTTP 404
[1690/5172] 52 common room -> 下载失败: HTTP 404
[1691/5172] 52 common sense -> 下载失败: HTTP 404
[1694/5172] 52 communication technology -> 下载失败: HTTP 404
[1695/5172] 52 conference reports -> 下载失败: HTTP 404
[1696/5172] 52 contact list -> 下载失败: HTTP 404
[1697/5172] 52 company actions -> 下载失败: HTTP 404
[1699/5172] 52 computer model -> 下载失败: HTTP 404
[1698/5172] 52 compulsory course -> 下载失败: HTTP 404
[1700/5172] 52 computer programmer -> 下载失败: HTTP 404
[1701/5172] 52 computer sound card -> 下载失败: HTTP 404
[1702/5172] 52 computer system -> 下载失败: HTTP 404
[1703/5172] 52 connecting flight -> 下载失败: HTTP 404
[1705/5172] 52 concert room -> 下载失败: HTTP 404
[1704/5172] 52 concert hall -> 下载失败: HTTP 404
[1706/5172] 52 classical music -> 下载失败: HTTP 404
[1707/5172] 53 contact lenses -> 下载失败: HTTP 404
[1708/5172] 53 cooperating research elements -> 下载失败: HTTP 404
[1709/5172] 53 coping with stress -> 下载失败: HTTP 404
[1710/5172] 53 corporate loan -> 下载失败: HTTP 404
[1711/5172] 53 cost effective -> 下载失败: HTTP 404
[1712/5172] 53 cost of living -> 下载失败: HTTP 404
[1713/5172] 53 costume party -> 下载失败: HTTP 404
[1714/5172] 53 cough mixture -> 下载失败: HTTP 404
[1716/5172] 53 course fee -> 下载失败: HTTP 404
[1715/5172] 53 country music -> 下载失败: HTTP 404
[1717/5172] 53 course and materials -> 下载失败: HTTP 404
[1718/5172] 53 course director -> 下载失败: HTTP 404
[1719/5172] 53 cover the cost -> 下载失败: HTTP 404
[1721/5172] 53 credit card -> 下载失败: HTTP 404
[1720/5172] 53 craft goods -> 下载失败: HTTP 404
[1724/5172] 53 crime rate -> 下载失败: HTTP 404
[1723/5172] 53 crime awareness -> 下载失败: HTTP 404
[1725/5172] 53 cross passage -> 下载失败: HTTP 404
[1727/5172] 53 culture shock -> 下载失败: HTTP 404
[1728/5172] 53 curve chart -> 下载失败: HTTP 404
[1726/5172] 53 cultural differences -> 下载失败: HTTP 404
[1729/5172] 53 currency form -> 下载失败: HTTP 404
[1730/5172] 53 current account -> 下载失败: HTTP 404
[1731/5172] 53 cycling route -> 下载失败: HTTP 404
[1733/5172] 53 cut and polished -> 下载失败: HTTP 404
[1732/5172] 53 customs service -> 下载失败: HTTP 404
[1735/5172] 53 dark clothes -> 下载失败: HTTP 404
[1736/5172] 53 dark trousers -> 下载失败: HTTP 404
[1738/5172] 53 data analysis -> 下载失败: HTTP 404
[1739/5172] 53 data assessment -> 下载失败: HTTP 404
[1741/5172] 53 date of expiry -> 下载失败: HTTP 404
[1740/5172] 53 date of birth -> 下载失败: HTTP 404
[1742/5172] 53 date slip -> 下载失败: HTTP 404
[1743/5172] 53 day pupil -> 下载失败: HTTP 404
[1744/5172] 53 day school -> 下载失败: HTTP 404
[1745/5172] 53 day shift -> 下载失败: HTTP 404
[1748/5172] 53 decayed teeth -> 下载失败: HTTP 404
[1749/5172] 53 decoration balloons -> 下载失败: HTTP 404
[1750/5172] 53 deliver a speech -> 下载失败: HTTP 404
[1751/5172] 53 delivery desk -> 下载失败: HTTP 404
[1753/5172] 53 department store -> 下载失败: HTTP 404
[1752/5172] 53 department building -> 下载失败: HTTP 404
[1754/5172] 53 departmental address -> 下载失败: HTTP 404
[1755/5172] 53 desire to learn -> 下载失败: HTTP 404
[1756/5172] 53 desk lamp -> 下载失败: HTTP 404
[1758/5172] 53 detective film -> 下载失败: HTTP 404
[1759/5172] 53 digital camera -> 下载失败: HTTP 404
[1760/5172] 53 digital system -> 下载失败: HTTP 404
[1761/5172] 53 different levels -> 下载失败: HTTP 404
[1762/5172] 53 dining hall -> 下载失败: HTTP 404
[1763/5172] 53 dining room -> 下载失败: HTTP 404
[1766/5172] 53 distance learning -> 下载失败: HTTP 404
[1765/5172] 53 distant deadline -> 下载失败: HTTP 404
[1768/5172] 53 distinguishing feature -> 下载失败: HTTP 404
[1769/5172] 53 distribution of population -> 下载失败: HTTP 404
[1767/5172] 53 divorce rate -> 下载失败: HTTP 404
[1770/5172] 53 downward trend -> 下载失败: HTTP 404
[1771/5172] 53 do training courses -> 下载失败: HTTP 404
[1773/5172] 53 domestic factors -> 下载失败: HTTP 404
[1772/5172] 53 doctor's degree -> 下载失败: HTTP 404
[1774/5172] 53 domestic student -> 下载失败: HTTP 404
[1775/5172] 53 domestic violence -> 下载失败: HTTP 404
[1776/5172] 53 door key -> 下载失败: HTTP 404
[1777/5172] 53 door-to-door service -> 下载失败: HTTP 404
[1779/5172] 53 double lock -> 下载失败: HTTP 404
[1780/5172] 53 double room -> 下载失败: HTTP 404
[1781/5172] 53 double grill -> 下载失败: HTTP 404
[1782/5172] 53 drama theatre -> 下载失败: HTTP 404
[1783/5172] 53 drama festival -> 下载失败: HTTP 404
[1784/5172] 53 drama teacher -> 下载失败: HTTP 404
[1785/5172] 53 draw a conclusion -> 下载失败: HTTP 404
[1786/5172] 53 disabled access -> 下载失败: HTTP 404
[1787/5172] 53 dropout rate -> 下载失败: HTTP 404
[1788/5172] 53 dress code -> 下载失败: HTTP 404
[1789/5172] 53 dress rehearsal -> 下载失败: HTTP 404
[1791/5172] 53 drinking machine -> 下载失败: HTTP 404
[1792/5172] 53 drinks and snacks -> 下载失败: HTTP 404
[1793/5172] 53 drink less coffee -> 下载失败: HTTP 404
[1794/5172] 53 driver's licence -> 下载失败: HTTP 404
[1795/5172] 53 driving licence -> 下载失败: HTTP 404
[1797/5172] 53 drop-off site -> 下载失败: HTTP 404
[1800/5172] 53 eagle road -> 下载失败: HTTP 404
[1799/5172] 53 el nino -> 下载失败: HTTP 404
[1801/5172] 53 eastern beach -> 下载失败: HTTP 404
[1802/5172] 53 eat harmful insects -> 下载失败: HTTP 404
[1803/5172] 53 economic growth -> 下载失败: HTTP 404
[1805/5172] 53 economy class -> 下载失败: HTTP 404
[1804/5172] 53 economic history -> 下载失败: HTTP 404
[1806/5172] 53 education exhibition -> 下载失败: HTTP 404
[1807/5172] 53 education officer -> 下载失败: HTTP 404
[1809/5172] 53 education system -> 下载失败: HTTP 404
[1808/5172] 53 education standard -> 下载失败: HTTP 404
[1810/5172] 53 electronic detector -> 下载失败: HTTP 404
[1811/5172] 53 electric fan -> 下载失败: HTTP 404
[1812/5172] 53 electricity bill -> 下载失败: HTTP 404
[1813/5172] 53 electricity fee -> 下载失败: HTTP 404
[1814/5172] 53 electronic dictionary -> 下载失败: HTTP 404
[1815/5172] 53 email attachment -> 下载失败: HTTP 404
[1817/5172] 53 email address -> 下载失败: HTTP 404
[1816/5172] 53 email account -> 下载失败: HTTP 404
[1818/5172] 53 emergency contact person -> 下载失败: HTTP 404
[1819/5172] 53 emergency telephone number -> 下载失败: HTTP 404
[1821/5172] 54 emotion and mood -> 下载失败: HTTP 404
[1823/5172] 54 endangered species -> 下载失败: HTTP 404
[1822/5172] 54 end of term -> 下载失败: HTTP 404
[1824/5172] 54 energy industry -> 下载失败: HTTP 404
[1826/5172] 54 engineering room -> 下载失败: HTTP 404
[1828/5172] 54 enrolment fee -> 下载失败: HTTP 404
[1829/5172] 54 entrance fee -> 下载失败: HTTP 404
[1830/5172] 54 environment agency -> 下载失败: HTTP 404
[1831/5172] 54 environmental damage -> 下载失败: HTTP 404
[1832/5172] 54 environmental issues -> 下载失败: HTTP 404
[1833/5172] 54 environmental science -> 下载失败: HTTP 404
[1834/5172] 54 environmental studies -> 下载失败: HTTP 404
[1836/5172] 54 evening news -> 下载失败: HTTP 404
[1838/5172] 54 exercise one's muscles -> 下载失败: HTTP 404
[1837/5172] 54 evening appointment -> 下载失败: HTTP 404
[1839/5172] 54 exhibition of instruments -> 下载失败: HTTP 404
[1840/5172] 54 experimental for construction -> 下载失败: HTTP 404
[1841/5172] 54 experimental facilities -> 下载失败: HTTP 404
[1843/5172] 54 express train -> 下载失败: HTTP 404
[1842/5172] 54 expected duration -> 下载失败: HTTP 404
[1844/5172] 54 express way -> 下载失败: HTTP 404
[1845/5172] 54 extension number -> 下载失败: HTTP 404
[1846/5172] 54 extensive writing -> 下载失败: HTTP 404
[1847/5172] 54 exchange drafts -> 下载失败: HTTP 404
[1848/5172] 54 extra charge -> 下载失败: HTTP 404
[1849/5172] 54 extra workload -> 下载失败: HTTP 404
[1850/5172] 54 ethical film -> 下载失败: HTTP 404
[1851/5172] 54 eye doctor -> 下载失败: HTTP 404
[1852/5172] 54 eye contacts -> 下载失败: HTTP 404
[1853/5172] 54 essay plan -> 下载失败: HTTP 404
[1854/5172] 54 extinct species -> 下载失败: HTTP 404
[1855/5172] 54 face-to-face interview -> 下载失败: HTTP 404
[1856/5172] 54 failure rate -> 下载失败: HTTP 404
[1857/5172] 54 family medical history -> 下载失败: HTTP 404
[1858/5172] 54 familiar with -> 下载失败: HTTP 404
[1859/5172] 54 family abuse -> 下载失败: HTTP 404
[1860/5172] 54 family ticket -> 下载失败: HTTP 404
[1861/5172] 54 family name -> 下载失败: HTTP 404
[1862/5172] 54 family relationship -> 下载失败: HTTP 404
[1863/5172] 54 fancy dress -> 下载失败: HTTP 404
[1864/5172] 54 fancy ball -> 下载失败: HTTP 404
[1865/5172] 54 fancy dress party -> 下载失败: HTTP 404
[1867/5172] 54 farewell party -> 下载失败: HTTP 404
[1868/5172] 54 farming products -> 下载失败: HTTP 404
[1869/5172] 54 fear of unemployment -> 下载失败: HTTP 404
[1870/5172] 54 feel one's pulse -> 下载失败: HTTP 404
[1871/5172] 54 female corpse study -> 下载失败: HTTP 404
[1872/5172] 54 field method -> 下载失败: HTTP 404
[1873/5172] 54 field system -> 下载失败: HTTP 404
[1874/5172] 54 field trip -> 下载失败: HTTP 404
[1876/5172] 54 film festival -> 下载失败: HTTP 404
[1875/5172] 54 field work -> 下载失败: HTTP 404
[1877/5172] 54 film studio -> 下载失败: HTTP 404
[1878/5172] 54 financial advice -> 下载失败: HTTP 404
[1879/5172] 54 financial affairs -> 下载失败: HTTP 404
[1881/5172] 54 financial department -> 下载失败: HTTP 404
[1880/5172] 54 financial budget -> 下载失败: HTTP 404
[1883/5172] 54 financial goals -> 下载失败: HTTP 404
[1882/5172] 54 financial executive -> 下载失败: HTTP 404
[1885/5172] 54 financial organisation -> 下载失败: HTTP 404
[1884/5172] 54 financial market -> 下载失败: HTTP 404
[1886/5172] 54 financial policy -> 下载失败: HTTP 404
[1887/5172] 54 financial problems -> 下载失败: HTTP 404
[1888/5172] 54 financial shortage -> 下载失败: HTTP 404
[1891/5172] 54 fine texture -> 下载失败: HTTP 404
[1889/5172] 54 financial source -> 下载失败: HTTP 404
[1890/5172] 54 fine arts -> 下载失败: HTTP 404
[1893/5172] 54 fire blanket -> 下载失败: HTTP 404
[1894/5172] 54 fire drill -> 下载失败: HTTP 404
[1892/5172] 54 fire alarm -> 下载失败: HTTP 404
[1896/5172] 54 first floor -> 下载失败: HTTP 404
[1895/5172] 54 fire management -> 下载失败: HTTP 404
[1897/5172] 54 first name -> 下载失败: HTTP 404
[1898/5172] 54 first-aid kit -> 下载失败: HTTP 404
[1899/5172] 54 first-year student -> 下载失败: HTTP 404
[1901/5172] 54 fish tank -> 下载失败: HTTP 404
[1900/5172] 54 fish cakes -> 下载失败: HTTP 404
[1902/5172] 54 fishing boat -> 下载失败: HTTP 404
[1903/5172] 54 fishing industry -> 下载失败: HTTP 404
[1904/5172] 54 fitness centre -> 下载失败: HTTP 404
[1905/5172] 54 fitness club -> 下载失败: HTTP 404
[1907/5172] 54 fitness training -> 下载失败: HTTP 404
[1906/5172] 54 fitness level -> 下载失败: HTTP 404
[1908/5172] 54 fixed expenses -> 下载失败: HTTP 404
[1909/5172] 54 flexible working time -> 下载失败: HTTP 404
[1910/5172] 54 flight number -> 下载失败: HTTP 404
[1912/5172] 54 flying craft -> 下载失败: HTTP 404
[1914/5172] 54 food processing -> 下载失败: HTTP 404
[1913/5172] 54 flying speed -> 下载失败: HTTP 404
[1911/5172] 54 flowers' taste -> 下载失败: HTTP 404
[1915/5172] 54 food and oil -> 下载失败: HTTP 404
[1916/5172] 54 food chain -> 下载失败: HTTP 404
[1918/5172] 54 football club -> 下载失败: HTTP 404
[1917/5172] 54 focus on -> 下载失败: HTTP 404
[1919/5172] 54 football match -> 下载失败: HTTP 404
[1920/5172] 54 for sale -> 下载失败: HTTP 404
[1921/5172] 54 forestry industry -> 下载失败: HTTP 404
[1923/5172] 54 four nights -> 下载失败: HTTP 404
[1922/5172] 54 formal clothes -> 下载失败: HTTP 404
[1925/5172] 54 fourth-year student -> 下载失败: HTTP 404
[1926/5172] 55 free for heating -> 下载失败: HTTP 404
[1927/5172] 55 free of charge -> 下载失败: HTTP 404
[1928/5172] 55 free transportation -> 下载失败: HTTP 404
[1929/5172] 55 fruit juice -> 下载失败: HTTP 404
[1930/5172] 55 fruit trees -> 下载失败: HTTP 404
[1931/5172] 55 functions and places -> 下载失败: HTTP 404
[1933/5172] 55 full name -> 下载失败: HTTP 404
[1934/5172] 55 fur trade -> 下载失败: HTTP 404
[1936/5172] 55 garden hall -> 下载失败: HTTP 404
[1937/5172] 55 garden tools -> 下载失败: HTTP 404
[1935/5172] 55 further education -> 下载失败: HTTP 404
[1938/5172] 55 generation of electricity -> 下载失败: HTTP 404
[1939/5172] 55 gas station -> 下载失败: HTTP 404
[1942/5172] 55 general english practice -> 下载失败: HTTP 404
[1940/5172] 55 general election -> 下载失败: HTTP 404
[1941/5172] 55 general english -> 下载失败: HTTP 404
[1943/5172] 55 general health -> 下载失败: HTTP 404
[1944/5172] 55 general ideas -> 下载失败: HTTP 404
[1945/5172] 55 general method -> 下载失败: HTTP 404
[1946/5172] 55 general science -> 下载失败: HTTP 404
[1949/5172] 55 geographical value -> 下载失败: HTTP 404
[1947/5172] 55 geography trip -> 下载失败: HTTP 404
[1950/5172] 55 give somebody a sack -> 下载失败: HTTP 404
[1948/5172] 55 geographic location -> 下载失败: HTTP 404
[1952/5172] 55 give a prescription -> 下载失败: HTTP 404
[1954/5172] 55 give a speech -> 下载失败: HTTP 404
[1953/5172] 55 give up -> 下载失败: HTTP 404
[1951/5172] 55 given name -> 下载失败: HTTP 404
[1955/5172] 55 give confirmation -> 下载失败: HTTP 404
[1956/5172] 55 get feedback -> 下载失败: HTTP 404
[1959/5172] 55 go to hospital -> 下载失败: HTTP 404
[1958/5172] 55 guided tour -> 下载失败: HTTP 404
[1960/5172] 55 global listening -> 下载失败: HTTP 404
[1962/5172] 55 gold medal -> 下载失败: HTTP 404
[1961/5172] 55 global warming -> 下载失败: HTTP 404
[1963/5172] 55 gold street -> 下载失败: HTTP 404
[1965/5172] 55 good eyesight -> 下载失败: HTTP 404
[1964/5172] 55 golf club -> 下载失败: HTTP 404
[1966/5172] 55 good shoes -> 下载失败: HTTP 404
[1968/5172] 55 goodbye party -> 下载失败: HTTP 404
[1967/5172] 55 good steering -> 下载失败: HTTP 404
[1969/5172] 55 government policy -> 下载失败: HTTP 404
[1971/5172] 55 grasp keywords -> 下载失败: HTTP 404
[1972/5172] 55 graduate school -> 下载失败: HTTP 404
[1973/5172] 55 graduation announcements -> 下载失败: HTTP 404
[1975/5172] 55 grain pattern -> 下载失败: HTTP 404
[1974/5172] 55 grain pattern of timber -> 下载失败: HTTP 404
[1976/5172] 55 great favourites -> 下载失败: HTTP 404
[1978/5172] 55 green waste -> 下载失败: HTTP 404
[1977/5172] 55 ground floor -> 下载失败: HTTP 404
[1979/5172] 55 greyhound bus -> 下载失败: HTTP 404
[1981/5172] 55 gym membership -> 下载失败: HTTP 404
[1980/5172] 55 group discussion -> 下载失败: HTTP 404
[1984/5172] 55 half human -> 下载失败: HTTP 404
[1983/5172] 55 high wind -> 下载失败: HTTP 404
[1985/5172] 55 half term -> 下载失败: HTTP 404
[1987/5172] 55 hall of residence -> 下载失败: HTTP 404
[1986/5172] 55 hard-hoofed animals -> 下载失败: HTTP 404
[1988/5172] 55 halls of residence -> 下载失败: HTTP 404
[1989/5172] 55 hand pump -> 下载失败: HTTP 404
[1990/5172] 55 hands broken -> 下载失败: HTTP 404
[1991/5172] 55 have access to -> 下载失败: HTTP 404
[1993/5172] 55 harmful to humans -> 下载失败: HTTP 404
[1992/5172] 55 harmful insects -> 下载失败: HTTP 404
[1994/5172] 55 have strong hearts and lungs -> 下载失败: HTTP 404
[1995/5172] 55 have an operation -> 下载失败: HTTP 404
[1996/5172] 55 have high rank in geography -> 下载失败: HTTP 404
[1997/5172] 55 have strong financial muscles -> 下载失败: HTTP 404
[1998/5172] 55 help desk -> 下载失败: HTTP 404
[2000/5172] 55 head office -> 下载失败: HTTP 404
[2002/5172] 55 health check -> 下载失败: HTTP 404
[2003/5172] 55 health club -> 下载失败: HTTP 404
[2004/5172] 55 heart attack -> 下载失败: HTTP 404
[2006/5172] 55 heart disease -> 下载失败: HTTP 404
[2007/5172] 55 heat indicator -> 下载失败: HTTP 404
[2008/5172] 55 horse hair -> 下载失败: HTTP 404
[2009/5172] 55 horse riding -> 下载失败: HTTP 404
[2010/5172] 55 herb tea -> 下载失败: HTTP 404
[2011/5172] 55 herd of cattle -> 下载失败: HTTP 404
[2012/5172] 55 host family -> 下载失败: HTTP 404
[2013/5172] 55 high rank -> 下载失败: HTTP 404
[2014/5172] 55 highly-trained staff -> 下载失败: HTTP 404
[2015/5172] 55 higher education -> 下载失败: HTTP 404
[2016/5172] 55 high-rise buildings -> 下载失败: HTTP 404
[2017/5172] 55 high-quality camera -> 下载失败: HTTP 404
[2018/5172] 55 honeymoon suite -> 下载失败: HTTP 404
[2019/5172] 55 historical museum -> 下载失败: HTTP 404
[2021/5172] 55 historical maps -> 下载失败: HTTP 404
[2020/5172] 55 history of school -> 下载失败: HTTP 404
[2022/5172] 55 horror film -> 下载失败: HTTP 404
[2023/5172] 55 hot dog -> 下载失败: HTTP 404
[2024/5172] 55 hot meal -> 下载失败: HTTP 404
[2025/5172] 55 hothouse effect -> 下载失败: HTTP 404
[2029/5172] 56 house key -> 下载失败: HTTP 404
[2027/5172] 56 hunt for -> 下载失败: HTTP 404
[2026/5172] 56 hotel crime -> 下载失败: HTTP 404
[2028/5172] 56 house insurance -> 下载失败: HTTP 404
[2030/5172] 56 housing agency -> 下载失败: HTTP 404
[2031/5172] 56 human beings -> 下载失败: HTTP 404
[2033/5172] 56 human race -> 下载失败: HTTP 404
[2032/5172] 56 human consumption -> 下载失败: HTTP 404
[2034/5172] 56 human resources -> 下载失败: HTTP 404
[2035/5172] 56 ice curling -> 下载失败: HTTP 404
[2036/5172] 56 ice pack -> 下载失败: HTTP 404
[2037/5172] 56 ice skating -> 下载失败: HTTP 404
[2040/5172] 56 illegal profits -> 下载失败: HTTP 404
[2041/5172] 56 in visible view -> 下载失败: HTTP 404
[2039/5172] 56 identity card -> 下载失败: HTTP 404
[2042/5172] 56 immune system -> 下载失败: HTTP 404
[2043/5172] 56 in advance -> 下载失败: HTTP 404
[2045/5172] 56 in circles -> 下载失败: HTTP 404
[2044/5172] 56 in chemistry lab -> 下载失败: HTTP 404
[2047/5172] 56 indian ocean -> 下载失败: HTTP 404
[2048/5172] 56 incoming calls -> 下载失败: HTTP 404
[2049/5172] 56 independence day -> 下载失败: HTTP 404
[2050/5172] 56 industrial material -> 下载失败: HTTP 404
[2051/5172] 56 information board -> 下载失败: HTTP 404
[2052/5172] 56 information video -> 下载失败: HTTP 404
[2053/5172] 56 information desk -> 下载失败: HTTP 404
[2054/5172] 56 information page -> 下载失败: HTTP 404
[2056/5172] 56 inland region -> 下载失败: HTTP 404
[2055/5172] 56 information sector -> 下载失败: HTTP 404
[2057/5172] 56 initial migration -> 下载失败: HTTP 404
[2058/5172] 56 injection of vaccine -> 下载失败: HTTP 404
[2061/5172] 56 insects haunting -> 下载失败: HTTP 404
[2063/5172] 56 instruction of handbook -> 下载失败: HTTP 404
[2064/5172] 56 instant coffee -> 下载失败: HTTP 404
[2065/5172] 56 interpersonal skills -> 下载失败: HTTP 404
[2066/5172] 56 insurance companies -> 下载失败: HTTP 404
[2067/5172] 56 insurance company -> 下载失败: HTTP 404
[2068/5172] 56 intensive course -> 下载失败: HTTP 404
[2069/5172] 56 intensive study -> 下载失败: HTTP 404
[2070/5172] 56 interlibrary service -> 下载失败: HTTP 404
[2071/5172] 56 intermediate course -> 下载失败: HTTP 404
[2072/5172] 56 internal clock -> 下载失败: HTTP 404
[2073/5172] 56 international club -> 下载失败: HTTP 404
[2074/5172] 56 international evening -> 下载失败: HTTP 404
[2075/5172] 56 international student card -> 下载失败: HTTP 404
[2077/5172] 56 internet access -> 下载失败: HTTP 404
[2076/5172] 56 international student -> 下载失败: HTTP 404
[2078/5172] 56 internet cafe -> 下载失败: HTTP 404
[2079/5172] 56 internet system -> 下载失败: HTTP 404
[2081/5172] 56 irrigable land -> 下载失败: HTTP 404
[2082/5172] 56 isolated spot -> 下载失败: HTTP 404
[2083/5172] 56 job interview -> 下载失败: HTTP 404
[2085/5172] 56 joint membership -> 下载失败: HTTP 404
[2087/5172] 56 jump the queue -> 下载失败: HTTP 404
[2089/5172] 56 killer whales -> 下载失败: HTTP 404
[2088/5172] 56 jump the line -> 下载失败: HTTP 404
[2090/5172] 56 kungfu film -> 下载失败: HTTP 404
[2091/5172] 56 kelp forest -> 下载失败: HTTP 404
[2092/5172] 56 key approach -> 下载失败: HTTP 404
[2093/5172] 56 key to reception -> 下载失败: HTTP 404
[2095/5172] 56 kick somebody out of work -> 下载失败: HTTP 404
[2096/5172] 56 king-sized bed -> 下载失败: HTTP 404
[2097/5172] 56 king's suite -> 下载失败: HTTP 404
[2099/5172] 56 kitchen table -> 下载失败: HTTP 404
[2100/5172] 56 kitchen utensils -> 下载失败: HTTP 404
[2102/5172] 56 listening tapescript -> 下载失败: HTTP 404
[2103/5172] 56 lab equipment -> 下载失败: HTTP 404
[2104/5172] 56 lack confidence -> 下载失败: HTTP 404
[2105/5172] 56 lack of confidence -> 下载失败: HTTP 404
[2107/5172] 56 large slide -> 下载失败: HTTP 404
[2108/5172] 56 large-scale housing -> 下载失败: HTTP 404

[1394/5172] 43 serial -> 下载完成 (尝试 1 次)
[1391/5172] 43 self-sufficient -> 下载完成 (尝试 1 次)
[1395/5172] 43 serious -> 下载完成 (尝试 1 次)
[1397/5172] 43 several -> 下载完成 (尝试 1 次)
[1398/5172] 43 shared -> 下载完成 (尝试 1 次)
[1399/5172] 43 sharp -> 下载完成 (尝试 1 次)
[1396/5172] 43 seven-screen -> 下载完成 (尝试 1 次)
[1400/5172] 43 short -> 下载完成 (尝试 1 次)
[1401/5172] 43 sick -> 下载完成 (尝试 1 次)
[1403/5172] 43 silver -> 下载完成 (尝试 1 次)
[1402/5172] 43 silent -> 下载完成 (尝试 1 次)
[1406/5172] 43 sleepy -> 下载完成 (尝试 1 次)
[1404/5172] 43 similar -> 下载完成 (尝试 1 次)
[1405/5172] 43 simple -> 下载完成 (尝试 1 次)
[1407/5172] 43 slim -> 下载完成 (尝试 1 次)
[1408/5172] 43 smart -> 下载完成 (尝试 1 次)
[1409/5172] 43 smelly -> 下载完成 (尝试 1 次)
[1410/5172] 43 social -> 下载完成 (尝试 1 次)
[1411/5172] 43 solar -> 下载完成 (尝试 1 次)
[1412/5172] 43 soundproof -> 下载完成 (尝试 1 次)
[1413/5172] 43 southern -> 下载完成 (尝试 1 次)
[1414/5172] 43 spacious -> 下载完成 (尝试 1 次)
[1415/5172] 43 spare -> 下载完成 (尝试 1 次)
[1416/5172] 43 special -> 下载完成 (尝试 1 次)
[1417/5172] 43 specialised -> 下载完成 (尝试 1 次)
[1418/5172] 43 species -> 下载完成 (尝试 1 次)
[1419/5172] 43 specific -> 下载完成 (尝试 1 次)
[1421/5172] 43 stable -> 下载完成 (尝试 1 次)
[1420/5172] 43 spiral -> 下载完成 (尝试 1 次)
[1422/5172] 43 steady -> 下载完成 (尝试 1 次)
[1424/5172] 43 strained -> 下载完成 (尝试 1 次)
[1423/5172] 43 stout -> 下载完成 (尝试 1 次)
[1425/5172] 43 stressful -> 下载完成 (尝试 1 次)
[1426/5172] 43 stretching -> 下载完成 (尝试 1 次)
[1427/5172] 43 strong -> 下载完成 (尝试 1 次)
[1428/5172] 43 stronger -> 下载完成 (尝试 1 次)
[1430/5172] 43 successful -> 下载完成 (尝试 1 次)
[1431/5172] 43 sufficient -> 下载完成 (尝试 1 次)
[1429/5172] 43 subjective -> 下载完成 (尝试 1 次)
[1432/5172] 43 suitable -> 下载完成 (尝试 1 次)
[1433/5172] 43 super -> 下载完成 (尝试 1 次)
[1434/5172] 43 surprised -> 下载完成 (尝试 1 次)
[1436/5172] 43 technical -> 下载完成 (尝试 1 次)
[1435/5172] 43 systematic -> 下载完成 (尝试 1 次)
[1437/5172] 43 theoretical -> 下载完成 (尝试 1 次)
[1438/5172] 43 traditional -> 下载完成 (尝试 1 次)
[1439/5172] 43 troublesome -> 下载完成 (尝试 1 次)
[1440/5172] 43 typical -> 下载完成 (尝试 1 次)
[1443/5172] 43 unconvincing -> 下载完成 (尝试 1 次)
[1441/5172] 43 unanimous -> 下载完成 (尝试 1 次)
[1442/5172] 43 uncomfortable -> 下载完成 (尝试 1 次)
[1444/5172] 43 underground -> 下载完成 (尝试 1 次)
[1445/5172] 43 unfair -> 下载完成 (尝试 1 次)
[1446/5172] 43 unhealthy -> 下载完成 (尝试 1 次)
[1448/5172] 43 united -> 下载完成 (尝试 1 次)
[1447/5172] 43 unique -> 下载完成 (尝试 1 次)
[1449/5172] 43 unreliable -> 下载完成 (尝试 1 次)
[1450/5172] 43 unsocial -> 下载完成 (尝试 1 次)
[1451/5172] 43 unusual -> 下载完成 (尝试 1 次)
[1452/5172] 43 useful -> 下载完成 (尝试 1 次)
[1454/5172] 43 usual -> 下载完成 (尝试 1 次)
[1453/5172] 43 useless -> 下载完成 (尝试 1 次)
[1455/5172] 43 various -> 下载完成 (尝试 1 次)
[1456/5172] 43 violent -> 下载完成 (尝试 1 次)
[1457/5172] 43 virtual -> 下载完成 (尝试 1 次)
[1458/5172] 43 visible -> 下载完成 (尝试 1 次)
[1460/5172] 43 warm -> 下载完成 (尝试 1 次)
[1461/5172] 43 washable -> 下载完成 (尝试 1 次)
[1459/5172] 43 visual -> 下载完成 (尝试 1 次)
[1462/5172] 43 wealthy -> 下载完成 (尝试 1 次)
[1463/5172] 43 weekly -> 下载完成 (尝试 1 次)
[1464/5172] 43 western -> 下载完成 (尝试 1 次)
[1466/5172] 43 wide -> 下载完成 (尝试 1 次)
[1465/5172] 43 whole -> 下载完成 (尝试 1 次)
[1469/5172] 43 worthy -> 下载完成 (尝试 1 次)
[1467/5172] 43 wise -> 下载完成 (尝试 1 次)
[1468/5172] 43 worthwhile -> 下载完成 (尝试 1 次)
[1470/5172] 44 almost -> 下载完成 (尝试 1 次)
[1471/5172] 44 currently -> 下载完成 (尝试 1 次)
[1474/5172] 44 efficiently -> 下载完成 (尝试 1 次)
[1473/5172] 44 effectively -> 下载完成 (尝试 1 次)
[1472/5172] 44 directly -> 下载完成 (尝试 1 次)
[1475/5172] 44 originally -> 下载完成 (尝试 1 次)
[1476/5172] 44 physically -> 下载完成 (尝试 1 次)
[1477/5172] 44 professionally -> 下载完成 (尝试 1 次)
[1478/5172] 44 rapidly -> 下载完成 (尝试 1 次)
[1479/5172] 44 regularly -> 下载完成 (尝试 1 次)
[1480/5172] 44 scarcely -> 下载完成 (尝试 1 次)
[1481/5172] 44 virtually -> 下载完成 (尝试 1 次)
[1491/5172] 51 abilities -> 下载完成 (尝试 1 次)
[1499/5172] 51 accountants -> 下载完成 (尝试 1 次)
[1511/5172] 51 aims -> 下载完成 (尝试 1 次)
[1518/5172] 51 atm -> 下载完成 (尝试 1 次)
[1527/5172] 51 appearances -> 下载完成 (尝试 1 次)
[1550/5172] 51 awards -> 下载完成 (尝试 1 次)
[1555/5172] 51 bricks -> 下载完成 (尝试 1 次)
[1556/5172] 51 bowls -> 下载完成 (尝试 1 次)
[1577/5172] 51 belts -> 下载完成 (尝试 1 次)
[1584/5172] 51 blocks -> 下载完成 (尝试 1 次)
[1593/5172] 51 bones -> 下载完成 (尝试 1 次)
[1605/5172] 52 buses -> 下载完成 (尝试 1 次)
[1597/5172] 52 breathtaking -> 下载完成 (尝试 1 次)
[1604/5172] 52 brother-in-law -> 下载完成 (尝试 1 次)
[1615/5172] 52 cages -> 下载完成 (尝试 1 次)
[1621/5172] 52 candles -> 下载完成 (尝试 1 次)
[1630/5172] 52 carve -> 下载完成 (尝试 1 次)
[1637/5172] 52 cd-rom -> 下载完成 (尝试 1 次)
[1640/5172] 52 charges -> 下载完成 (尝试 1 次)
[1655/5172] 52 checklist -> 下载完成 (尝试 1 次)
[1659/5172] 52 chequebook -> 下载完成 (尝试 1 次)
[1670/5172] 52 conquerors -> 下载完成 (尝试 1 次)
[1674/5172] 52 classmates -> 下载完成 (尝试 1 次)
[1668/5172] 52 commuters -> 下载完成 (尝试 1 次)
[1677/5172] 52 colleagues -> 下载完成 (尝试 1 次)
[1687/5172] 52 collections -> 下载完成 (尝试 1 次)
[1722/5172] 53 creeks -> 下载完成 (尝试 1 次)
[1734/5172] 53 damages -> 下载完成 (尝试 1 次)
[1737/5172] 53 dateline -> 下载完成 (尝试 1 次)
[1746/5172] 53 debts -> 下载完成 (尝试 1 次)
[1747/5172] 53 decades -> 下载完成 (尝试 1 次)
[1757/5172] 53 details -> 下载完成 (尝试 1 次)
[1764/5172] 53 diseases -> 下载完成 (尝试 1 次)
[1778/5172] 53 drugs -> 下载完成 (尝试 1 次)
[1790/5172] 53 disputes -> 下载完成 (尝试 1 次)
[1796/5172] 53 directors -> 下载完成 (尝试 1 次)
[1798/5172] 53 drop-off -> 下载完成 (尝试 1 次)
[1820/5172] 53 dial -> 下载完成 (尝试 1 次)
[1825/5172] 54 engineers -> 下载完成 (尝试 1 次)
[1827/5172] 54 engrave -> 下载完成 (尝试 1 次)
[1835/5172] 54 environmentally-friendly -> 下载完成 (尝试 1 次)
[1866/5172] 54 falcons -> 下载完成 (尝试 1 次)
[1924/5172] 54 fortnight -> 下载完成 (尝试 1 次)
[1932/5172] 55 full-time -> 下载完成 (尝试 1 次)
[1957/5172] 55 guidebook -> 下载完成 (尝试 1 次)
[1970/5172] 55 government-funded -> 下载完成 (尝试 1 次)
[1982/5172] 55 hens -> 下载完成 (尝试 1 次)
[1999/5172] 55 headmaster -> 下载完成 (尝试 1 次)
[2001/5172] 55 healthcare -> 下载完成 (尝试 1 次)
[2005/5172] 55 heartbeats -> 下载完成 (尝试 1 次)
[2038/5172] 56 identities -> 下载完成 (尝试 1 次)
[2059/5172] 56 institutes -> 下载完成 (尝试 1 次)
[2062/5172] 56 instructors -> 下载完成 (尝试 1 次)
[2060/5172] 56 institutions -> 下载完成 (尝试 1 次)
[2080/5172] 56 investigators -> 下载完成 (尝试 1 次)
[2084/5172] 56 jaws -> 下载完成 (尝试 1 次)
[2086/5172] 56 keepers -> 下载完成 (尝试 1 次)
[2094/5172] 56 keywords -> 下载完成 (尝试 1 次)
[2098/5172] 56 knives -> 下载完成 (尝试 1 次)
[2101/5172] 56 lamps -> 下载完成 (尝试 1 次)
[2106/5172] 56 landmark -> 下载完成 (尝试 1 次)[2109/5172] 56 lecture hall -> 下载失败: HTTP 404
[2110/5172] 56 laser printing -> 下载失败: HTTP 404
[2111/5172] 56 last but not least -> 下载失败: HTTP 404
[2112/5172] 56 last name -> 下载失败: HTTP 404
[2114/5172] 56 layout of resume -> 下载失败: HTTP 404
[2115/5172] 56 learning strategies -> 下载失败: HTTP 404
[2116/5172] 56 learning styles -> 下载失败: HTTP 404
[2117/5172] 56 leisure wear -> 下载失败: HTTP 404
[2118/5172] 56 leisure activities -> 下载失败: HTTP 404
[2119/5172] 56 level of maturity -> 下载失败: HTTP 404
[2120/5172] 56 lemon tree -> 下载失败: HTTP 404
[2121/5172] 56 letter of recommendation -> 下载失败: HTTP 404
[2122/5172] 56 library card -> 下载失败: HTTP 404
[2124/5172] 56 life science -> 下载失败: HTTP 404
[2123/5172] 56 library resource -> 下载失败: HTTP 404
[2125/5172] 56 life cycle -> 下载失败: HTTP 404
[2126/5172] 56 life expectancy -> 下载失败: HTTP 404
[2127/5172] 56 life insurance -> 下载失败: HTTP 404
[2129/5172] 56 link to -> 下载失败: HTTP 404
[2130/5172] 56 literary film -> 下载失败: HTTP 404
[2131/5172] 56 list of headings -> 下载失败: HTTP 404
[2132/5172] 56 list of objectives -> 下载失败: HTTP 404
[2133/5172] 56 lecture theatre -> 下载失败: HTTP 404
[2134/5172] 57 living cost -> 下载失败: HTTP 404
[2135/5172] 57 living expenses -> 下载失败: HTTP 404
[2137/5172] 57 local walking club -> 下载失败: HTTP 404
[2138/5172] 57 local history -> 下载失败: HTTP 404
[2139/5172] 57 local industry -> 下载失败: HTTP 404
[2140/5172] 57 local pet shop -> 下载失败: HTTP 404
[2141/5172] 57 local product -> 下载失败: HTTP 404
[2142/5172] 57 local resident -> 下载失败: HTTP 404
[2144/5172] 57 local shop -> 下载失败: HTTP 404
[2143/5172] 57 local school -> 下载失败: HTTP 404
[2145/5172] 57 local student -> 下载失败: HTTP 404
[2146/5172] 57 local tribes -> 下载失败: HTTP 404
[2147/5172] 57 lookout points -> 下载失败: HTTP 404
[2149/5172] 57 long-term loan -> 下载失败: HTTP 404
[2148/5172] 57 lock all windows -> 下载失败: HTTP 404
[2150/5172] 57 loss of soil -> 下载失败: HTTP 404
[2151/5172] 57 lose temper -> 下载失败: HTTP 404
[2154/5172] 57 low nutrition -> 下载失败: HTTP 404
[2153/5172] 57 love story -> 下载失败: HTTP 404
[2155/5172] 57 low-frequency noise -> 下载失败: HTTP 404
[2156/5172] 57 low income -> 下载失败: HTTP 404
[2157/5172] 57 magazines and journals -> 下载失败: HTTP 404
[2158/5172] 57 magical animals -> 下载失败: HTTP 404
[2159/5172] 57 machines and robots -> 下载失败: HTTP 404
[2160/5172] 57 martial art -> 下载失败: HTTP 404
[2161/5172] 57 maid servant -> 下载失败: HTTP 404
[2163/5172] 57 mailing list -> 下载失败: HTTP 404
[2164/5172] 57 major in nursing -> 下载失败: HTTP 404
[2165/5172] 57 main course -> 下载失败: HTTP 404
[2166/5172] 57 main entrance -> 下载失败: HTTP 404
[2167/5172] 57 main hall -> 下载失败: HTTP 404
[2046/5172] 56 in circulation -> 下载失败: HTTP 404
[2168/5172] 57 main kitchen -> 下载失败: HTTP 404
[2169/5172] 57 main library -> 下载失败: HTTP 404
[2170/5172] 57 make an appointment -> 下载失败: HTTP 404
[2171/5172] 57 make plans -> 下载失败: HTTP 404
[2174/5172] 57 manmade dam -> 下载失败: HTTP 404
[2173/5172] 57 manage time better -> 下载失败: HTTP 404
[2175/5172] 57 manual facilities -> 下载失败: HTTP 404
[2176/5172] 57 market research -> 下载失败: HTTP 404
[2172/5172] 57 map of cave -> 下载失败: HTTP 404
[2177/5172] 57 market cycle -> 下载失败: HTTP 404
[2178/5172] 57 market economy -> 下载失败: HTTP 404
[2180/5172] 57 marketing research -> 下载失败: HTTP 404
[2179/5172] 57 marketing management -> 下载失败: HTTP 404
[2181/5172] 57 marketing techniques -> 下载失败: HTTP 404
[2182/5172] 57 marketing seminar -> 下载失败: HTTP 404
[2183/5172] 57 marketing strategies -> 下载失败: HTTP 404
[2184/5172] 57 mass media -> 下载失败: HTTP 404
[2185/5172] 57 mind map -> 下载失败: HTTP 404
[2186/5172] 57 master's degree -> 下载失败: HTTP 404
[2188/5172] 57 meat and cheese -> 下载失败: HTTP 404
[2187/5172] 57 master card -> 下载失败: HTTP 404
[2189/5172] 57 mathematic formula -> 下载失败: HTTP 404
[2190/5172] 57 mature students -> 下载失败: HTTP 404
[2192/5172] 57 media centre -> 下载失败: HTTP 404
[2191/5172] 57 media studies -> 下载失败: HTTP 404
[2194/5172] 57 medical science -> 下载失败: HTTP 404
[2193/5172] 57 media room -> 下载失败: HTTP 404
[2195/5172] 57 medical centre -> 下载失败: HTTP 404
[2196/5172] 57 medical history -> 下载失败: HTTP 404
[2198/5172] 57 membership consultant -> 下载失败: HTTP 404
[2197/5172] 57 booklist=book list -> 下载失败: HTTP 404
[2200/5172] 57 mental ability -> 下载失败: HTTP 404
[2199/5172] 57 membership of a club -> 下载失败: HTTP 404
[2201/5172] 57 mental education -> 下载失败: HTTP 404
[2202/5172] 57 microwave oven -> 下载失败: HTTP 404
[2204/5172] 57 midmorning snacks -> 下载失败: HTTP 404
[2203/5172] 57 mid-autumn festival -> 下载失败: HTTP 404
[2207/5172] 57 migration patterns -> 下载失败: HTTP 404
[2208/5172] 57 mileage ticket -> 下载失败: HTTP 404
[2210/5172] 57 military museum -> 下载失败: HTTP 404
[2211/5172] 57 mill the grain on the ground -> 下载失败: HTTP 404
[2212/5172] 57 millions of -> 下载失败: HTTP 404
[2214/5172] 57 mineral water -> 下载失败: HTTP 404
[2215/5172] 57 minimum qualification -> 下载失败: HTTP 404
[2216/5172] 57 mining industry -> 下载失败: HTTP 404
[2218/5172] 57 modern languages -> 下载失败: HTTP 404
[2217/5172] 57 mobile phone -> 下载失败: HTTP 404
[2219/5172] 57 modern management hotel -> 下载失败: HTTP 404
[2220/5172] 57 modern sports facilities -> 下载失败: HTTP 404
[2221/5172] 57 money diary -> 下载失败: HTTP 404
[2222/5172] 57 money lender -> 下载失败: HTTP 404
[2223/5172] 57 money management -> 下载失败: HTTP 404
[2224/5172] 57 money order -> 下载失败: HTTP 404
[2225/5172] 57 monopoly of education -> 下载失败: HTTP 404
[2226/5172] 57 mosquito net -> 下载失败: HTTP 404
[2228/5172] 57 movie poster -> 下载失败: HTTP 404
[2229/5172] 57 movement of muscle -> 下载失败: HTTP 404
[2230/5172] 57 music equipment -> 下载失败: HTTP 404
[2231/5172] 57 music instrument -> 下载失败: HTTP 404
[2232/5172] 57 notice board -> 下载失败: HTTP 404
[2233/5172] 57 name badge -> 下载失败: HTTP 404
[2235/5172] 57 negative effect -> 下载失败: HTTP 404
[2236/5172] 57 natural medicine -> 下载失败: HTTP 404
[2234/5172] 57 native animals -> 下载失败: HTTP 404
[2237/5172] 57 natural museum -> 下载失败: HTTP 404
[2238/5172] 57 natural fibre -> 下载失败: HTTP 404
[2242/5172] 57 no allergy -> 下载失败: HTTP 404
[2241/5172] 57 night shift -> 下载失败: HTTP 404
[2239/5172] 57 new technologies -> 下载失败: HTTP 404
[2243/5172] 57 no charge -> 下载失败: HTTP 404
[2244/5172] 57 no nuts -> 下载失败: HTTP 404
[2245/5172] 57 non-medicine items -> 下载失败: HTTP 404
[2246/5172] 57 non-stop flight -> 下载失败: HTTP 404
[2248/5172] 57 not for circulation -> 下载失败: HTTP 404
[2247/5172] 57 not check identities -> 下载失败: HTTP 404
[2249/5172] 57 number of exposure -> 下载失败: HTTP 404
[2251/5172] 57 nursing care -> 下载失败: HTTP 404
[2250/5172] 57 number of occupants -> 下载失败: HTTP 404
[2252/5172] 57 nursing diploma -> 下载失败: HTTP 404
[2253/5172] 57 occupational factors -> 下载失败: HTTP 404
[2255/5172] 57 nursery school -> 下载失败: HTTP 404
[2256/5172] 57 obligatory course -> 下载失败: HTTP 404
[2258/5172] 57 off campus -> 下载失败: HTTP 404
[2259/5172] 57 office assistant -> 下载失败: HTTP 404
[2261/5172] 57 oil explosion -> 下载失败: HTTP 404
[2262/5172] 57 olive oil -> 下载失败: HTTP 404
[2264/5172] 58 on campus -> 下载失败: HTTP 404
[2265/5172] 58 on foot -> 下载失败: HTTP 404
[2267/5172] 58 on small scale -> 下载失败: HTTP 404
[2266/5172] 58 on sale -> 下载失败: HTTP 404
[2268/5172] 58 one-way ticket -> 下载失败: HTTP 404
[2270/5172] 58 online shopping -> 下载失败: HTTP 404
[2271/5172] 58 open admission -> 下载失败: HTTP 404
[2272/5172] 58 open shelves -> 下载失败: HTTP 404
[2273/5172] 58 open-book exam -> 下载失败: HTTP 404
[2274/5172] 58 optic examination -> 下载失败: HTTP 404
[2275/5172] 58 optional course -> 下载失败: HTTP 404
[2276/5172] 58 optional expenses -> 下载失败: HTTP 404
[2277/5172] 58 oral defence -> 下载失败: HTTP 404
[2278/5172] 58 orange juice -> 下载失败: HTTP 404
[2279/5172] 58 ordinary farmers -> 下载失败: HTTP 404
[2280/5172] 58 organic farming -> 下载失败: HTTP 404
[2281/5172] 58 organic fibre -> 下载失败: HTTP 404
[2282/5172] 58 organic food -> 下载失败: HTTP 404
[2283/5172] 58 organic material -> 下载失败: HTTP 404
[2284/5172] 58 oriental studies -> 下载失败: HTTP 404
[2285/5172] 58 original reason -> 下载失败: HTTP 404
[2286/5172] 58 out circulation -> 下载失败: HTTP 404
[2287/5172] 58 out of temper -> 下载失败: HTTP 404
[2288/5172] 58 out on loan -> 下载失败: HTTP 404
[2289/5172] 58 outside activity -> 下载失败: HTTP 404
[2290/5172] 58 overall aim of the health club -> 下载失败: HTTP 404
[2291/5172] 58 overall trend -> 下载失败: HTTP 404
[2293/5172] 58 overhead projector -> 下载失败: HTTP 404
[2292/5172] 58 overdue and pay a fine -> 下载失败: HTTP 404
[2294/5172] 58 overhead view -> 下载失败: HTTP 404
[2295/5172] 58 overseas student -> 下载失败: HTTP 404
[2299/5172] 58 packing list -> 下载失败: HTTP 404
[2298/5172] 58 package tour -> 下载失败: HTTP 404
[2300/5172] 58 pacific ocean -> 下载失败: HTTP 404
[2301/5172] 58 paddling pool -> 下载失败: HTTP 404
[2303/5172] 58 pal group relationship -> 下载失败: HTTP 404
[2305/5172] 58 palm tree -> 下载失败: HTTP 404
[2306/5172] 58 paper jam -> 下载失败: HTTP 404
[2307/5172] 58 parent's meeting's aim -> 下载失败: HTTP 404
[2308/5172] 58 parental teaching -> 下载失败: HTTP 404
[2309/5172] 58 part-time job -> 下载失败: HTTP 404
[2311/5172] 58 party wears -> 下载失败: HTTP 404
[2312/5172] 58 passport photos -> 下载失败: HTTP 404
[2314/5172] 58 payment method -> 下载失败: HTTP 404
[2313/5172] 58 pay for loss -> 下载失败: HTTP 404
[2315/5172] 58 per day -> 下载失败: HTTP 404
[2316/5172] 58 per month -> 下载失败: HTTP 404
[2317/5172] 58 per person -> 下载失败: HTTP 404
[2318/5172] 58 per week -> 下载失败: HTTP 404
[2319/5172] 58 per year -> 下载失败: HTTP 404
[2320/5172] 58 permit required -> 下载失败: HTTP 404
[2321/5172] 58 personal alarm -> 下载失败: HTTP 404
[2322/5172] 58 personal statement -> 下载失败: HTTP 404
[2323/5172] 58 personal trainer -> 下载失败: HTTP 404
[2326/5172] 58 phone bill -> 下载失败: HTTP 404
[2327/5172] 58 photocopies of notes -> 下载失败: HTTP 404
[2328/5172] 58 photocopies of articles -> 下载失败: HTTP 404
[2329/5172] 58 photocopy of article -> 下载失败: HTTP 404
[2331/5172] 58 physical activities -> 下载失败: HTTP 404
[2330/5172] 58 photocopy office -> 下载失败: HTTP 404
[2332/5172] 58 physical education -> 下载失败: HTTP 404
[2333/5172] 58 physical surroundings -> 下载失败: HTTP 404
[2334/5172] 58 physical therapy -> 下载失败: HTTP 404
[2335/5172] 58 pie chart -> 下载失败: HTTP 404
[2337/5172] 58 pink slip -> 下载失败: HTTP 404
[2336/5172] 58 pine tree -> 下载失败: HTTP 404
[2338/5172] 58 placement test -> 下载失败: HTTP 404
[2339/5172] 58 planet science -> 下载失败: HTTP 404
[2340/5172] 58 planet society -> 下载失败: HTTP 404
[2341/5172] 58 planning meeting -> 下载失败: HTTP 404
[2342/5172] 58 planting garden -> 下载失败: HTTP 404
[2343/5172] 58 plastic bags -> 下载失败: HTTP 404
[2344/5172] 58 plastic collection -> 下载失败: HTTP 404
[2346/5172] 58 pocket money -> 下载失败: HTTP 404
[2347/5172] 58 point of view -> 下载失败: HTTP 404
[2348/5172] 58 polish cars -> 下载失败: HTTP 404
[2350/5172] 58 pop test -> 下载失败: HTTP 404
[2349/5172] 58 poor area -> 下载失败: HTTP 404
[2351/5172] 58 population explosion -> 下载失败: HTTP 404
[2353/5172] 58 population of crocodiles -> 下载失败: HTTP 404
[2352/5172] 58 population growth -> 下载失败: HTTP 404
[2354/5172] 58 positive effect -> 下载失败: HTTP 404
[2356/5172] 58 postal survey -> 下载失败: HTTP 404
[2355/5172] 58 possible causes of stress -> 下载失败: HTTP 404
[2357/5172] 58 power company -> 下载失败: HTTP 404
[2358/5172] 58 practical material -> 下载失败: HTTP 404
[2359/5172] 58 practical skills -> 下载失败: HTTP 404
[2361/5172] 58 precious stone -> 下载失败: HTTP 404
[2362/5172] 58 presentation skills -> 下载失败: HTTP 404
[2363/5172] 58 president's suite -> 下载失败: HTTP 404
[2364/5172] 58 previous data -> 下载失败: HTTP 404
[2365/5172] 58 previous insurance company -> 下载失败: HTTP 404
[2366/5172] 58 previous result -> 下载失败: HTTP 404
[2368/5172] 58 price list -> 下载失败: HTTP 404
[2367/5172] 58 previous studies -> 下载失败: HTTP 404
[2370/5172] 58 printed card -> 下载失败: HTTP 404
[2371/5172] 58 printed catalogue -> 下载失败: HTTP 404
[2372/5172] 58 private bathroom -> 下载失败: HTTP 404
[2373/5172] 58 private property -> 下载失败: HTTP 404
[2374/5172] 58 private school -> 下载失败: HTTP 404
[2375/5172] 58 private trip -> 下载失败: HTTP 404
[2376/5172] 58 prize giving -> 下载失败: HTTP 404
[2377/5172] 58 professional learning -> 下载失败: HTTP 404
[2378/5172] 58 project work -> 下载失败: HTTP 404
[2379/5172] 58 project background -> 下载失败: HTTP 404
[2380/5172] 58 project outline -> 下载失败: HTTP 404
[2382/5172] 58 psychological patients -> 下载失败: HTTP 404
[2383/5172] 58 psychological course -> 下载失败: HTTP 404
[2384/5172] 58 public transport -> 下载失败: HTTP 404
[2386/5172] 58 public examination -> 下载失败: HTTP 404
[2385/5172] 58 public awareness -> 下载失败: HTTP 404
[2387/5172] 58 public facilities -> 下载失败: HTTP 404
[2389/5172] 58 public interest -> 下载失败: HTTP 404
[2388/5172] 58 public health -> 下载失败: HTTP 404
[2391/5172] 58 public service -> 下载失败: HTTP 404
[2390/5172] 58 public school -> 下载失败: HTTP 404
[2392/5172] 58 public skills -> 下载失败: HTTP 404
[2393/5172] 58 quality of teaching -> 下载失败: HTTP 404
[2395/5172] 58 quality of personnel -> 下载失败: HTTP 404
[2394/5172] 58 quality of education -> 下载失败: HTTP 404
[2396/5172] 58 quarry tiles -> 下载失败: HTTP 404
[2397/5172] 58 property insurance -> 下载失败: HTTP 404
[2398/5172] 58 question handling -> 下载失败: HTTP 404
[2399/5172] 58 queen's suite -> 下载失败: HTTP 404
[2400/5172] 58 queen-sized bed -> 下载失败: HTTP 404
[2401/5172] 58 queen's park -> 下载失败: HTTP 404
[2403/5172] 58 railway rail -> 下载失败: HTTP 404
[2402/5172] 58 ra (research assistant) -> 下载失败: HTTP 404
[2404/5172] 58 railway station -> 下载失败: HTTP 404
[2405/5172] 58 railway tracks -> 下载失败: HTTP 404
[2406/5172] 58 railway worker -> 下载失败: HTTP 404
[2407/5172] 58 random selection -> 下载失败: HTTP 404
[2408/5172] 59 range of english level -> 下载失败: HTTP 404
[2410/5172] 59 raw materials -> 下载失败: HTTP 404
[2409/5172] 59 rapid population growth -> 下载失败: HTTP 404
[2411/5172] 59 rare lions -> 下载失败: HTTP 404
[2413/5172] 59 rare fish -> 下载失败: HTTP 404
[2414/5172] 59 reach one's destination -> 下载失败: HTTP 404
[2416/5172] 59 reading habits -> 下载失败: HTTP 404
[2412/5172] 59 rare species -> 下载失败: HTTP 404
[2417/5172] 59 reading hits -> 下载失败: HTTP 404
[2418/5172] 59 reading list -> 下载失败: HTTP 404
[2420/5172] 59 recall library books -> 下载失败: HTTP 404
[2419/5172] 59 reading session -> 下载失败: HTTP 404
[2422/5172] 59 receive prizes -> 下载失败: HTTP 404
[2421/5172] 59 recall system -> 下载失败: HTTP 404
[2423/5172] 59 reception area -> 下载失败: HTTP 404
[2424/5172] 59 reception centre -> 下载失败: HTTP 404
[2425/5172] 59 reception desk -> 下载失败: HTTP 404
[2428/5172] 59 recycling material -> 下载失败: HTTP 404
[2426/5172] 59 recreation therapy -> 下载失败: HTTP 404
[2427/5172] 59 recruit recruiting method -> 下载失败: HTTP 404
[2429/5172] 59 red flag -> 下载失败: HTTP 404
[2430/5172] 59 red kangaroo -> 下载失败: HTTP 404
[2433/5172] 59 reference skills -> 下载失败: HTTP 404
[2432/5172] 59 reference books -> 下载失败: HTTP 404
[2434/5172] 59 reference stacks -> 下载失败: HTTP 404
[2431/5172] 59 red meat -> 下载失败: HTTP 404
[2435/5172] 59 refresher course -> 下载失败: HTTP 404
[2436/5172] 59 registered mail -> 下载失败: HTTP 404
[2437/5172] 59 regular meetings -> 下载失败: HTTP 404
[2440/5172] 59 relate to -> 下载失败: HTTP 404
[2439/5172] 59 reinforced by wood and steel -> 下载失败: HTTP 404
[2441/5172] 59 remain steady -> 下载失败: HTTP 404
[2442/5172] 59 replacement of jobs -> 下载失败: HTTP 404
[2443/5172] 59 replacement policy -> 下载失败: HTTP 404
[2445/5172] 59 research approach -> 下载失败: HTTP 404
[2444/5172] 59 required course -> 下载失败: HTTP 404
[2446/5172] 59 research assistant -> 下载失败: HTTP 404
[2447/5172] 59 research findings -> 下载失败: HTTP 404
[2448/5172] 59 research methods -> 下载失败: HTTP 404
[2449/5172] 59 research opportunities -> 下载失败: HTTP 404
[2451/5172] 59 research source -> 下载失败: HTTP 404
[2450/5172] 59 research results -> 下载失败: HTTP 404
[2452/5172] 59 resident student -> 下载失败: HTTP 404
[2453/5172] 59 residential college -> 下载失败: HTTP 404
[2454/5172] 59 resistance from parents -> 下载失败: HTTP 404
[2455/5172] 59 resource management -> 下载失败: HTTP 404
[2456/5172] 59 resource protection -> 下载失败: HTTP 404
[2457/5172] 59 resource sharing -> 下载失败: HTTP 404
[2458/5172] 59 resources room -> 下载失败: HTTP 404
[2459/5172] 59 respect the local environment -> 下载失败: HTTP 404
[2460/5172] 59 result from -> 下载失败: HTTP 404
[2461/5172] 59 result in -> 下载失败: HTTP 404
[2464/5172] 59 rice cultivation -> 下载失败: HTTP 404
[2463/5172] 59 review promptly -> 下载失败: HTTP 404
[2462/5172] 59 review of literature -> 下载失败: HTTP 404
[2465/5172] 59 riverside restaurant -> 下载失败: HTTP 404
[2466/5172] 59 rose lane -> 下载失败: HTTP 404
[2468/5172] 59 rock salt -> 下载失败: HTTP 404
[2469/5172] 59 romance story -> 下载失败: HTTP 404
[2470/5172] 59 rose garden -> 下载失败: HTTP 404
[2471/5172] 59 row house -> 下载失败: HTTP 404
[2472/5172] 59 round trip ticket -> 下载失败: HTTP 404
[2473/5172] 59 round trip -> 下载失败: HTTP 404
[2474/5172] 59 route map -> 下载失败: HTTP 404
[2475/5172] 59 road map -> 下载失败: HTTP 404
[2476/5172] 59 royal commission -> 下载失败: HTTP 404
[2477/5172] 59 rubber blanket -> 下载失败: HTTP 404
[2478/5172] 59 rubber tree -> 下载失败: HTTP 404
[2479/5172] 59 rules and regulations -> 下载失败: HTTP 404
[2480/5172] 59 run risks -> 下载失败: HTTP 404
[2482/5172] 59 running tunnel -> 下载失败: HTTP 404
[2483/5172] 59 rural area -> 下载失败: HTTP 404
[2481/5172] 59 running facilities -> 下载失败: HTTP 404
[2484/5172] 59 role of staff -> 下载失败: HTTP 404
[2485/5172] 59 rush hour -> 下载失败: HTTP 404
[2486/5172] 59 safety check -> 下载失败: HTTP 404
[2489/5172] 59 sales team -> 下载失败: HTTP 404
[2488/5172] 59 safety helmets -> 下载失败: HTTP 404
[2487/5172] 59 safety helmet -> 下载失败: HTTP 404
[2490/5172] 59 safety office -> 下载失败: HTTP 404
[2491/5172] 59 safety regulations -> 下载失败: HTTP 404
[2492/5172] 59 silent island -> 下载失败: HTTP 404
[2493/5172] 59 sandglass clock -> 下载失败: HTTP 404
[2494/5172] 59 satellite tv station -> 下载失败: HTTP 404
[2495/5172] 59 school of arts and sciences -> 下载失败: HTTP 404
[2496/5172] 59 school uniform -> 下载失败: HTTP 404
[2497/5172] 59 science fiction -> 下载失败: HTTP 404
[2498/5172] 59 science museum -> 下载失败: HTTP 404
[2499/5172] 59 scientific approach -> 下载失败: HTTP 404
[2500/5172] 59 scientific research -> 下载失败: HTTP 404
[2502/5172] 59 sea otter -> 下载失败: HTTP 404
[2503/5172] 59 sea urchin -> 下载失败: HTTP 404
[2505/5172] 59 seafood restaurant -> 下载失败: HTTP 404
[2506/5172] 59 seat belt -> 下载失败: HTTP 404
[2504/5172] 59 sea watch -> 下载失败: HTTP 404
[2507/5172] 59 seating capacity -> 下载失败: HTTP 404
[2508/5172] 59 second floor -> 下载失败: HTTP 404
[2509/5172] 59 second-hand textbooks -> 下载失败: HTTP 404
[2510/5172] 59 secondary school -> 下载失败: HTTP 404
[2512/5172] 59 sedentary lifestyle -> 下载失败: HTTP 404
[2511/5172] 59 second-year student -> 下载失败: HTTP 404
[2513/5172] 59 selection method -> 下载失败: HTTP 404
[2514/5172] 59 self-access lab -> 下载失败: HTTP 404
[2516/5172] 59 self-service restaurant -> 下载失败: HTTP 404
[2517/5172] 59 senior adviser -> 下载失败: HTTP 404
[2518/5172] 59 senior manager -> 下载失败: HTTP 404
[2519/5172] 59 senior staff -> 下载失败: HTTP 404
[2520/5172] 59 sense of achievement -> 下载失败: HTTP 404
[2521/5172] 59 sense of success -> 下载失败: HTTP 404
[2522/5172] 59 sensible exercise -> 下载失败: HTTP 404
[2525/5172] 59 set money aside -> 下载失败: HTTP 404
[2524/5172] 59 service manager -> 下载失败: HTTP 404
[2526/5172] 59 shared bathroom -> 下载失败: HTTP 404
[2527/5172] 59 shared social area -> 下载失败: HTTP 404
[2528/5172] 59 shear the sheep -> 下载失败: HTTP 404
[2529/5172] 59 sheep and cattle -> 下载失败: HTTP 404
[2531/5172] 59 shift work -> 下载失败: HTTP 404
[2530/5172] 59 sheep shearing -> 下载失败: HTTP 404
[2532/5172] 59 shop assistant -> 下载失败: HTTP 404
[2533/5172] 59 shop manager -> 下载失败: HTTP 404
[2535/5172] 59 shopping list -> 下载失败: HTTP 404
[2534/5172] 59 shopping centre -> 下载失败: HTTP 404
[2537/5172] 59 shortage of money -> 下载失败: HTTP 404
[2536/5172] 59 shopping mall -> 下载失败: HTTP 404
[2539/5172] 59 side effects -> 下载失败: HTTP 404
[2538/5172] 59 sick note -> 下载失败: HTTP 404
[2540/5172] 59 safari zoo -> 下载失败: HTTP 404
[2541/5172] 59 safari park -> 下载失败: HTTP 404
[2543/5172] 59 single item -> 下载失败: HTTP 404
[2542/5172] 59 similar experiments -> 下载失败: HTTP 404
[2544/5172] 59 size of population -> 下载失败: HTTP 404
[2545/5172] 59 size of sample -> 下载失败: HTTP 404
[2547/5172] 510 sky dome -> 下载失败: HTTP 404
[2546/5172] 59 silver cloth -> 下载失败: HTTP 404
[2548/5172] 510 sleeping pills -> 下载失败: HTTP 404
[2549/5172] 510 sleeping sickness -> 下载失败: HTTP 404
[2551/5172] 510 small scale -> 下载失败: HTTP 404
[2550/5172] 510 slide presentation -> 下载失败: HTTP 404
[2553/5172] 510 smoke alarms -> 下载失败: HTTP 404
[2552/5172] 510 small scar on his chin -> 下载失败: HTTP 404
[2554/5172] 510 social activities -> 下载失败: HTTP 404
[2555/5172] 510 social isolation -> 下载失败: HTTP 404
[2556/5172] 510 social issues -> 下载失败: HTTP 404
[2557/5172] 510 social matter effects -> 下载失败: HTTP 404
[2558/5172] 510 social matters -> 下载失败: HTTP 404
[2559/5172] 510 social problems -> 下载失败: HTTP 404
[2560/5172] 510 social status -> 下载失败: HTTP 404
[2561/5172] 510 social workers -> 下载失败: HTTP 404
[2562/5172] 510 soft drinks -> 下载失败: HTTP 404
[2563/5172] 510 soft toys -> 下载失败: HTTP 404
[2564/5172] 510 sound effect -> 下载失败: HTTP 404
[2565/5172] 510 solar system -> 下载失败: HTTP 404
[2567/5172] 510 sore throat -> 下载失败: HTTP 404
[2566/5172] 510 solar power -> 下载失败: HTTP 404
[2569/5172] 510 spare parts -> 下载失败: HTTP 404
[2568/5172] 510 spare time -> 下载失败: HTTP 404
[2570/5172] 510 spare socks -> 下载失败: HTTP 404
[2571/5172] 510 space shuttle -> 下载失败: HTTP 404
[2573/5172] 510 special chemicals -> 下载失败: HTTP 404
[2572/5172] 510 special audio equipment -> 下载失败: HTTP 404
[2574/5172] 510 special mail -> 下载失败: HTTP 404
[2575/5172] 510 special offers -> 下载失败: HTTP 404
[2576/5172] 510 special party hats -> 下载失败: HTTP 404
[2577/5172] 510 special rule -> 下载失败: HTTP 404
[2578/5172] 510 specialist engine design -> 下载失败: HTTP 404
[2579/5172] 510 specialised course -> 下载失败: HTTP 404
[2580/5172] 510 specialised museum -> 下载失败: HTTP 404
[2581/5172] 510 specialised sports facilities -> 下载失败: HTTP 404
[2582/5172] 510 species in rare animal area -> 下载失败: HTTP 404
[2583/5172] 510 species of crocodiles -> 下载失败: HTTP 404
[2584/5172] 510 spending plans -> 下载失败: HTTP 404
[2586/5172] 510 spinous  plants -> 下载失败: HTTP 404
[2587/5172] 510 spiral notebook -> 下载失败: HTTP 404
[2588/5172] 510 sports articles -> 下载失败: HTTP 404
[2589/5172] 510 sports suit -> 下载失败: HTTP 404
[2590/5172] 510 sports centre -> 下载失败: HTTP 404
[2591/5172] 510 sports hall -> 下载失败: HTTP 404
[2592/5172] 510 sports shoes -> 下载失败: HTTP 404
[2593/5172] 510 stack system -> 下载失败: HTTP 404
[2595/5172] 510 standard of education -> 下载失败: HTTP 404
[2596/5172] 510 standard suite -> 下载失败: HTTP 404
[2598/5172] 510 starter project -> 下载失败: HTTP 404
[2599/5172] 510 starting point -> 下载失败: HTTP 404
[2601/5172] 510 steak set -> 下载失败: HTTP 404
[2602/5172] 510 steam engine ship -> 下载失败: HTTP 404
[2603/5172] 510 steel and wood -> 下载失败: HTTP 404
[2604/5172] 510 stiff neck -> 下载失败: HTTP 404
[2605/5172] 510 still water -> 下载失败: HTTP 404
[2606/5172] 510 stock market -> 下载失败: HTTP 404
[2608/5172] 510 stomach muscles training -> 下载失败: HTTP 404
[2607/5172] 510 stomach and heart -> 下载失败: HTTP 404
[2610/5172] 510 storage space -> 下载失败: HTTP 404
[2611/5172] 510 storehouse and temples -> 下载失败: HTTP 404
[2613/5172] 510 story conference -> 下载失败: HTTP 404
[2614/5172] 510 stress levels -> 下载失败: HTTP 404
[2615/5172] 510 stress management -> 下载失败: HTTP 404
[2618/5172] 510 stretching movements -> 下载失败: HTTP 404
[2620/5172] 510 strong scent -> 下载失败: HTTP 404
[2619/5172] 510 strict control -> 下载失败: HTTP 404
[2621/5172] 510 strong wind -> 下载失败: HTTP 404
[2622/5172] 510 student account -> 下载失败: HTTP 404
[2623/5172] 510 student banking -> 下载失败: HTTP 404
[2625/5172] 510 student hostel -> 下载失败: HTTP 404
[2626/5172] 510 student information desk -> 下载失败: HTTP 404
[2624/5172] 510 student debt -> 下载失败: HTTP 404
[2628/5172] 510 student service -> 下载失败: HTTP 404
[2627/5172] 510 student representative -> 下载失败: HTTP 404
[2629/5172] 510 student support service -> 下载失败: HTTP 404
[2630/5172] 510 student union -> 下载失败: HTTP 404
[2632/5172] 510 study aids -> 下载失败: HTTP 404
[2633/5172] 510 study circle -> 下载失败: HTTP 404
[2634/5172] 510 study club -> 下载失败: HTTP 404
[2631/5172] 510 studio apartment -> 下载失败: HTTP 404
[2635/5172] 510 study techniques -> 下载失败: HTTP 404
[2638/5172] 510 stuffed toys -> 下载失败: HTTP 404
[2637/5172] 510 stuffed nose -> 下载失败: HTTP 404
[2641/5172] 510 subject access -> 下载失败: HTTP 404
[2639/5172] 510 stuff of purse -> 下载失败: HTTP 404
[2640/5172] 510 subject access guide -> 下载失败: HTTP 404
[2642/5172] 510 submit the document -> 下载失败: HTTP 404
[2643/5172] 510 sufficient details -> 下载失败: HTTP 404
[2645/5172] 510 support service -> 下载失败: HTTP 404
[2646/5172] 510 sun's position -> 下载失败: HTTP 404
[2647/5172] 510 suntan block -> 下载失败: HTTP 404
[2644/5172] 510 supportive atmosphere -> 下载失败: HTTP 404
[2648/5172] 510 sun cream -> 下载失败: HTTP 404
[2649/5172] 510 summary report -> 下载失败: HTTP 404
[2650/5172] 510 survey conducted -> 下载失败: HTTP 404
[2652/5172] 510 survival course -> 下载失败: HTTP 404
[2651/5172] 510 survey of reading -> 下载失败: HTTP 404
[2653/5172] 510 swimming costume -> 下载失败: HTTP 404
[2654/5172] 510 swimming in waterfall -> 下载失败: HTTP 404
[2655/5172] 510 swimming pool -> 下载失败: HTTP 404
[2656/5172] 510 swimming suit -> 下载失败: HTTP 404
[2659/5172] 510 take notes -> 下载失败: HTTP 404
[2661/5172] 510 take one's temperature -> 下载失败: HTTP 404
[2660/5172] 510 take blood pressure -> 下载失败: HTTP 404
[2662/5172] 510 take regular exercise -> 下载失败: HTTP 404
[2663/5172] 510 take risks -> 下载失败: HTTP 404
[2664/5172] 510 taxi stand -> 下载失败: HTTP 404
[2665/5172] 510 technical vocabulary -> 下载失败: HTTP 404
[2667/5172] 510 teaching club -> 下载失败: HTTP 404
[2666/5172] 510 technical institution -> 下载失败: HTTP 404
[2669/5172] 510 teaching method -> 下载失败: HTTP 404
[2668/5172] 510 teaching hours -> 下载失败: HTTP 404
[2670/5172] 510 teaching staff -> 下载失败: HTTP 404
[2671/5172] 510 teaching syllabus -> 下载失败: HTTP 404
[2672/5172] 510 teachers and faculty -> 下载失败: HTTP 404
[2673/5172] 510 tape recorder -> 下载失败: HTTP 404
[2676/5172] 510 temple wall -> 下载失败: HTTP 404
[2674/5172] 510 telephone survey -> 下载失败: HTTP 404
[2675/5172] 510 television drama -> 下载失败: HTTP 404
[2678/5172] 510 tennis club -> 下载失败: HTTP 404
[2679/5172] 510 terraced house -> 下载失败: HTTP 404
[2680/5172] 510 terrestrial heat -> 下载失败: HTTP 404
[2682/5172] 510 text structure -> 下载失败: HTTP 404
[2681/5172] 510 tertiary education -> 下载失败: HTTP 404
[2683/5172] 510 textbook allowance -> 下载失败: HTTP 404
[2684/5172] 510 the marketing department -> 下载失败: HTTP 404
[2685/5172] 510 the disabled -> 下载失败: HTTP 404
[2688/5172] 510 the milky way -> 下载失败: HTTP 404
[2687/5172] 510 the poor -> 下载失败: HTTP 404
[2686/5172] 510 the old -> 下载失败: HTTP 404
[2689/5172] 511 theme garden -> 下载失败: HTTP 404
[2690/5172] 511 theme of project -> 下载失败: HTTP 404
[2691/5172] 511 theme park -> 下载失败: HTTP 404
[2692/5172] 511 theoretical background -> 下载失败: HTTP 404
[2694/5172] 511 tiger shark -> 下载失败: HTTP 404
[2693/5172] 511 theoretical framework -> 下载失败: HTTP 404
[2695/5172] 511 theory chapters -> 下载失败: HTTP 404
[2696/5172] 511 theory of application -> 下载失败: HTTP 404
[2697/5172] 511 therapy method -> 下载失败: HTTP 404
[2698/5172] 511 tilled land -> 下载失败: HTTP 404
[2699/5172] 511 third floor -> 下载失败: HTTP 404
[2700/5172] 511 third-year student -> 下载失败: HTTP 404
[2701/5172] 511 thinking pattern -> 下载失败: HTTP 404
[2702/5172] 511 way of thinking -> 下载失败: HTTP 404
[2704/5172] 511 time measurement -> 下载失败: HTTP 404
[2705/5172] 511 time priority -> 下载失败: HTTP 404
[2706/5172] 511 time management -> 下载失败: HTTP 404
[2707/5172] 511 title of essay -> 下载失败: HTTP 404
[2708/5172] 511 to some degree -> 下载失败: HTTP 404
[2710/5172] 511 toilet facilities -> 下载失败: HTTP 404
[2709/5172] 511 to some extent -> 下载失败: HTTP 404
[2711/5172] 511 too much work -> 下载失败: HTTP 404
[2714/5172] 511 top shelf -> 下载失败: HTTP 404
[2715/5172] 511 top ten -> 下载失败: HTTP 404
[2718/5172] 511 tourism organisation -> 下载失败: HTTP 404
[2716/5172] 511 touching rocks -> 下载失败: HTTP 404
[2717/5172] 511 tour guide -> 下载失败: HTTP 404
[2719/5172] 511 tourist brochures -> 下载失败: HTTP 404
[2720/5172] 511 town hall -> 下载失败: HTTP 404
[2721/5172] 511 toy factory -> 下载失败: HTTP 404
[2722/5172] 511 traffic flow -> 下载失败: HTTP 404
[2723/5172] 511 traffic jam -> 下载失败: HTTP 404
[2724/5172] 511 traffic lights -> 下载失败: HTTP 404
[2725/5172] 511 traffic rules -> 下载失败: HTTP 404
[2726/5172] 511 traffic safety -> 下载失败: HTTP 404
[2728/5172] 511 travel agency -> 下载失败: HTTP 404
[2730/5172] 511 traveller's check -> 下载失败: HTTP 404
[2727/5172] 511 transportation card -> 下载失败: HTTP 404
[2729/5172] 511 travel package -> 下载失败: HTTP 404
[2731/5172] 511 treatment method -> 下载失败: HTTP 404
[2732/5172] 511 trinity college -> 下载失败: HTTP 404
[2733/5172] 511 tropical diseases -> 下载失败: HTTP 404
[2735/5172] 511 tutorial system -> 下载失败: HTTP 404
[2734/5172] 511 tuition fee -> 下载失败: HTTP 404
[2736/5172] 511 twin room -> 下载失败: HTTP 404
[2737/5172] 511 tv series -> 下载失败: HTTP 404
[2739/5172] 511 under pressure -> 下载失败: HTTP 404
[2740/5172] 511 undergo processing -> 下载失败: HTTP 404
[2738/5172] 511 tv chat show -> 下载失败: HTTP 404
[2741/5172] 511 underground car park -> 下载失败: HTTP 404
[2742/5172] 511 underground railway -> 下载失败: HTTP 404
[2743/5172] 511 unhealthy diet -> 下载失败: HTTP 404
[2747/5172] 511 university facilities -> 下载失败: HTTP 404
[2745/5172] 511 units of measurement -> 下载失败: HTTP 404
[2748/5172] 511 university guide -> 下载失败: HTTP 404
[2744/5172] 511 union bank -> 下载失败: HTTP 404
[2746/5172] 511 university drive -> 下载失败: HTTP 404
[2749/5172] 511 university of wollongong -> 下载失败: HTTP 404
[2751/5172] 511 unsocial hours -> 下载失败: HTTP 404
[2753/5172] 511 urban area -> 下载失败: HTTP 404
[2750/5172] 511 university resource -> 下载失败: HTTP 404
[2752/5172] 511 upward trend -> 下载失败: HTTP 404
[2754/5172] 511 vacuum cleaner -> 下载失败: HTTP 404
[2755/5172] 511 vacuum the stairs -> 下载失败: HTTP 404
[2756/5172] 511 vary according to the type, shape -> 下载失败: HTTP 404
[2757/5172] 511 vary one's diet -> 下载失败: HTTP 404
[2760/5172] 511 video recording -> 下载失败: HTTP 404
[2758/5172] 511 vegetable burger -> 下载失败: HTTP 404
[2759/5172] 511 video project -> 下载失败: HTTP 404
[2761/5172] 511 video signal -> 下载失败: HTTP 404
[2762/5172] 511 videotape editor -> 下载失败: HTTP 404
[2763/5172] 511 visual aids -> 下载失败: HTTP 404
[2765/5172] 511 virtual learning -> 下载失败: HTTP 404
[2764/5172] 511 vip class -> 下载失败: HTTP 404
[2767/5172] 511 violent crimes -> 下载失败: HTTP 404
[2768/5172] 511 volcanic dust -> 下载失败: HTTP 404
[2771/5172] 511 voting system -> 下载失败: HTTP 404
[2770/5172] 511 volume chart -> 下载失败: HTTP 404
[2769/5172] 511 warm bath -> 下载失败: HTTP 404
[2772/5172] 511 waiting list -> 下载失败: HTTP 404
[2773/5172] 511 walking boots -> 下载失败: HTTP 404
[2774/5172] 511 walking club -> 下载失败: HTTP 404
[2775/5172] 511 weight training -> 下载失败: HTTP 404
[2778/5172] 511 wedding photos -> 下载失败: HTTP 404
[2776/5172] 511 washable shoes -> 下载失败: HTTP 404
[2777/5172] 511 washing machine -> 下载失败: HTTP 404
[2779/5172] 511 waste handling -> 下载失败: HTTP 404
[2780/5172] 511 waste disposal -> 下载失败: HTTP 404
[2783/5172] 511 water fee -> 下载失败: HTTP 404
[2782/5172] 511 weaving blanket -> 下载失败: HTTP 404
[2784/5172] 511 water heater -> 下载失败: HTTP 404
[2785/5172] 511 water park -> 下载失败: HTTP 404
[2786/5172] 511 water resources -> 下载失败: HTTP 404
[2787/5172] 511 water skiing -> 下载失败: HTTP 404
[2790/5172] 511 welcome party -> 下载失败: HTTP 404
[2789/5172] 511 welcome package -> 下载失败: HTTP 404
[2788/5172] 511 weekly return -> 下载失败: HTTP 404
[2791/5172] 511 welfare department -> 下载失败: HTTP 404
[2792/5172] 511 western europe -> 下载失败: HTTP 404
[2794/5172] 511 white meat -> 下载失败: HTTP 404
[2796/5172] 511 wide reading -> 下载失败: HTTP 404
[2797/5172] 511 wide writing -> 下载失败: HTTP 404
[2798/5172] 511 widen one's horizon -> 下载失败: HTTP 404
[2799/5172] 511 widen one's view -> 下载失败: HTTP 404
[2800/5172] 511 wind power -> 下载失败: HTTP 404
[2801/5172] 511 wind tunnels -> 下载失败: HTTP 404
[2802/5172] 511 window dressing -> 下载失败: HTTP 404
[2803/5172] 511 wing design -> 下载失败: HTTP 404
[2804/5172] 511 withdraw cash -> 下载失败: HTTP 404
[2805/5172] 511 woman author -> 下载失败: HTTP 404
[2806/5172] 511 wood should be cut and seasoned -> 下载失败: HTTP 404
[2807/5172] 511 work objective -> 下载失败: HTTP 404
[2808/5172] 511 work place -> 下载失败: HTTP 404
[2809/5172] 511 work systematically -> 下载失败: HTTP 404
[2810/5172] 511 world expo -> 下载失败: HTTP 404
[2811/5172] 511 wretched boat -> 下载失败: HTTP 404
[2813/5172] 511 youth hostel -> 下载失败: HTTP 404
[2812/5172] 511 wild animals -> 下载失败: HTTP 404
[2814/5172] 511 your own embassy -> 下载失败: HTTP 404
[2815/5172] 511 yellow fever -> 下载失败: HTTP 404

[2113/5172] 56 lawyers -> 下载完成 (尝试 1 次)
[2128/5172] 56 lights -> 下载完成 (尝试 1 次)
[2136/5172] 57 loans -> 下载完成 (尝试 1 次)
[2152/5172] 57 loudspeaker -> 下载完成 (尝试 1 次)
[2162/5172] 57 mails -> 下载完成 (尝试 1 次)
[2205/5172] 57 mid-range -> 下载完成 (尝试 1 次)
[2206/5172] 57 mid-semester -> 下载完成 (尝试 1 次)
[2209/5172] 57 miles -> 下载完成 (尝试 1 次)
[2213/5172] 57 mountains -> 下载完成 (尝试 1 次)
[2227/5172] 57 mother-in-law -> 下载完成 (尝试 1 次)
[2240/5172] 57 nights -> 下载完成 (尝试 1 次)
[2254/5172] 57 nursery -> 下载完成 (尝试 1 次)
[2260/5172] 57 overfill -> 下载完成 (尝试 1 次)
[2263/5172] 57 ohpen -> 下载完成 (尝试 1 次)
[2257/5172] 57 self-sufficient -> 下载完成 (尝试 1 次)
[2269/5172] 58 one-way -> 下载完成 (尝试 1 次)
[2296/5172] 58 hitchhike -> 下载完成 (尝试 1 次)
[2297/5172] 58 packages -> 下载完成 (尝试 1 次)
[2302/5172] 58 pages -> 下载完成 (尝试 1 次)
[2304/5172] 58 palaces -> 下载完成 (尝试 1 次)
[2310/5172] 58 part-time -> 下载完成 (尝试 1 次)
[2324/5172] 58 phd -> 下载完成 (尝试 1 次)
[2325/5172] 58 philosophers -> 下载完成 (尝试 1 次)
[2345/5172] 58 plus -> 下载完成 (尝试 1 次)
[2360/5172] 58 precautions -> 下载完成 (尝试 1 次)
[2369/5172] 58 principal -> 下载完成 (尝试 1 次)
[2381/5172] 58 profits -> 下载完成 (尝试 1 次)
[2415/5172] 59 readers -> 下载完成 (尝试 1 次)
[2438/5172] 59 regulations -> 下载完成 (尝试 1 次)
[2467/5172] 59 robots -> 下载完成 (尝试 1 次)
[2501/5172] 59 scores -> 下载完成 (尝试 1 次)
[2515/5172] 59 self-defense -> 下载完成 (尝试 1 次)
[2523/5172] 59 sentences -> 下载完成 (尝试 1 次)
[2585/5172] 510 spiders -> 下载完成 (尝试 1 次)
[2594/5172] 510 stacks -> 下载完成 (尝试 1 次)
[2597/5172] 510 stars -> 下载完成 (尝试 1 次)
[2600/5172] 510 states -> 下载完成 (尝试 1 次)
[2609/5172] 510 stones -> 下载完成 (尝试 1 次)
[2612/5172] 510 stories -> 下载完成 (尝试 1 次)
[2616/5172] 510 stressful -> 下载完成 (尝试 1 次)
[2617/5172] 510 stretching -> 下载完成 (尝试 1 次)
[2636/5172] 510 styles -> 下载完成 (尝试 1 次)
[2658/5172] 510 tablets -> 下载完成 (尝试 1 次)
[2657/5172] 510 ta -> 下载完成 (尝试 1 次)
[2677/5172] 510 temples -> 下载完成 (尝试 1 次)
[2703/5172] 511 timetable -> 下载完成 (尝试 1 次)
[2713/5172] 511 tones -> 下载完成 (尝试 1 次)
[2712/5172] 511 tomatoes -> 下载完成 (尝试 1 次)
[2766/5172] 511 visa -> 下载完成 (尝试 1 次)
[2781/5172] 511 x-ray -> 下载完成 (尝试 1 次)
[2795/5172] 511 wholesale -> 下载完成 (尝试 1 次)
[2793/5172] 511 wheelchair -> 下载完成 (尝试 1 次)
[2817/5172] 512 access -> 下载完成 (尝试 1 次)
[2818/5172] 512 accessible -> 下载完成 (尝试 1 次)
[2816/5172] 512 abbreviation -> 下载完成 (尝试 1 次)
[2819/5172] 512 accident -> 下载完成 (尝试 1 次)
[2820/5172] 512 affair -> 下载完成 (尝试 1 次)
[2821/5172] 512 announcement -> 下载完成 (尝试 1 次)
[2825/5172] 512 annex -> 下载完成 (尝试 1 次)
[2826/5172] 512 according -> 下载完成 (尝试 1 次)
[2823/5172] 512 accommodation -> 下载完成 (尝试 1 次)
[2822/5172] 512 assume -> 下载完成 (尝试 1 次)
[2824/5172] 512 recommendation -> 下载完成 (尝试 1 次)
[2827/5172] 512 breeding -> 下载完成 (尝试 1 次)
[2829/5172] 512 cooking -> 下载完成 (尝试 1 次)
[2830/5172] 512 account -> 下载完成 (尝试 1 次)
[2831/5172] 512 accountancy -> 下载完成 (尝试 1 次)
[2828/5172] 512 surrounding -> 下载完成 (尝试 1 次)
[2832/5172] 512 accounting -> 下载完成 (尝试 1 次)
[2833/5172] 512 addition -> 下载完成 (尝试 1 次)
[2835/5172] 512 address -> 下载完成 (尝试 1 次)
[2834/5172] 512 additional -> 下载完成 (尝试 1 次)
[2836/5172] 512 dress -> 下载完成 (尝试 1 次)
[2837/5172] 512 dressing -> 下载完成 (尝试 1 次)
[2838/5172] 512 assessment -> 下载完成 (尝试 1 次)
[2839/5172] 512 admission -> 下载完成 (尝试 1 次)
[2840/5172] 512 commission -> 下载完成 (尝试 1 次)
[2843/5172] 512 effect -> 下载完成 (尝试 1 次)
[2842/5172] 512 affect -> 下载完成 (尝试 1 次)
[2841/5172] 512 depression -> 下载完成 (尝试 1 次)
[2844/5172] 512 effective -> 下载完成 (尝试 1 次)
[2845/5172] 512 effectively -> 下载完成 (尝试 1 次)
[2846/5172] 512 appeal -> 下载完成 (尝试 1 次)
[2847/5172] 512 annual -> 下载完成 (尝试 1 次)
[2848/5172] 512 arrival -> 下载完成 (尝试 1 次)
[2849/5172] 512 applicant -> 下载完成 (尝试 1 次)
[2850/5172] 512 application -> 下载完成 (尝试 1 次)
[2851/5172] 512 applied -> 下载完成 (尝试 1 次)
[2853/5172] 512 approach -> 下载完成 (尝试 1 次)
[2852/5172] 512 appliance -> 下载完成 (尝试 1 次)
[2854/5172] 512 appointment -> 下载完成 (尝试 1 次)
[2855/5172] 512 approval -> 下载完成 (尝试 1 次)
[2856/5172] 512 approximate -> 下载完成 (尝试 1 次)
[2857/5172] 512 assistance -> 下载完成 (尝试 1 次)
[2859/5172] 512 associate -> 下载完成 (尝试 1 次)
[2858/5172] 512 assistant -> 下载完成 (尝试 1 次)
[2860/5172] 512 association -> 下载完成 (尝试 1 次)
[2862/5172] 512 attack -> 下载完成 (尝试 1 次)
[2861/5172] 512 attachment -> 下载完成 (尝试 1 次)
[2863/5172] 512 attempt -> 下载完成 (尝试 1 次)
[2864/5172] 512 attitude -> 下载完成 (尝试 1 次)
[2865/5172] 512 attend -> 下载完成 (尝试 1 次)
[2869/5172] 512 business -> 下载完成 (尝试 1 次)
[2868/5172] 512 attentive -> 下载完成 (尝试 1 次)
[2866/5172] 512 attendance -> 下载完成 (尝试 1 次)
[2867/5172] 512 attention -> 下载完成 (尝试 1 次)
[2870/5172] 512 balloon -> 下载完成 (尝试 1 次)
[2871/5172] 512 cartoon -> 下载完成 (尝试 1 次)
[2872/5172] 512 spoon -> 下载完成 (尝试 1 次)
[2874/5172] 512 ballroom -> 下载完成 (尝试 1 次)
[2873/5172] 512 billion -> 下载完成 (尝试 1 次)
[2875/5172] 512 bathroom -> 下载完成 (尝试 1 次)
[2876/5172] 512 playroom -> 下载完成 (尝试 1 次)
[2877/5172] 512 roommate -> 下载完成 (尝试 1 次)
[2878/5172] 512 barren -> 下载完成 (尝试 1 次)
[2879/5172] 512 barrier -> 下载完成 (尝试 1 次)
[2880/5172] 512 better -> 下载完成 (尝试 1 次)
[2881/5172] 512 buffet -> 下载完成 (尝试 1 次)
[2882/5172] 512 beginner -> 下载完成 (尝试 1 次)
[2883/5172] 512 beginning -> 下载完成 (尝试 1 次)
[2884/5172] 512 planner -> 下载完成 (尝试 1 次)
[2885/5172] 512 planning -> 下载完成 (尝试 1 次)
[2886/5172] 512 blood -> 下载完成 (尝试 1 次)
[2887/5172] 512 bloom -> 下载完成 (尝试 1 次)
[2888/5172] 512 boot -> 下载完成 (尝试 1 次)
[2889/5172] 512 book -> 下载完成 (尝试 1 次)
[2891/5172] 512 booklet -> 下载完成 (尝试 1 次)
[2890/5172] 512 booking -> 下载完成 (尝试 1 次)
[2892/5172] 512 cannibal -> 下载完成 (尝试 1 次)
[2893/5172] 512 connect -> 下载完成 (尝试 1 次)
[2894/5172] 512 cassette -> 下载完成 (尝试 1 次)
[2895/5172] 512 cattle -> 下载完成 (尝试 1 次)
[2896/5172] 512 classical -> 下载完成 (尝试 1 次)
[2897/5172] 512 classification -> 下载完成 (尝试 1 次)
[2899/5172] 512 comment -> 下载完成 (尝试 1 次)
[2898/5172] 512 classmate -> 下载完成 (尝试 1 次)
[2900/5172] 512 commercial -> 下载完成 (尝试 1 次)
[2902/5172] 512 community -> 下载完成 (尝试 1 次)
[2901/5172] 512 communication -> 下载完成 (尝试 1 次)
[2903/5172] 512 common -> 下载完成 (尝试 1 次)
[2905/5172] 512 coffee -> 下载完成 (尝试 1 次)
[2904/5172] 512 cotton -> 下载完成 (尝试 1 次)
[2906/5172] 512 cottage -> 下载完成 (尝试 1 次)
[2908/5172] 512 running -> 下载完成 (尝试 1 次)
[2907/5172] 512 cramming -> 下载完成 (尝试 1 次)
[2909/5172] 512 wedding -> 下载完成 (尝试 1 次)
[2910/5172] 512 banned -> 下载完成 (尝试 1 次)
[2911/5172] 512 current -> 下载完成 (尝试 1 次)
[2912/5172] 512 currency -> 下载完成 (尝试 1 次)
[2913/5172] 512 cooperate -> 下载完成 (尝试 1 次)
[2914/5172] 512 crossroads -> 下载完成 (尝试 1 次)
[2915/5172] 512 dessert -> 下载完成 (尝试 1 次)
[2916/5172] 512 dissertation -> 下载完成 (尝试 1 次)
[2917/5172] 512 different -> 下载完成 (尝试 1 次)
[2918/5172] 512 difference -> 下载完成 (尝试 1 次)
[2921/5172] 512 little -> 下载完成 (尝试 1 次)
[2919/5172] 512 dinner -> 下载完成 (尝试 1 次)
[2922/5172] 512 pizza -> 下载完成 (尝试 1 次)
[2923/5172] 512 discuss -> 下载完成 (尝试 1 次)
[2920/5172] 512 dizzy -> 下载完成 (尝试 1 次)
[2924/5172] 512 discussion -> 下载完成 (尝试 1 次)
[2925/5172] 512 speech -> 下载完成 (尝试 1 次)
[2926/5172] 512 suggestion -> 下载完成 (尝试 1 次)
[2928/5172] 512 dollar -> 下载完成 (尝试 1 次)
[2927/5172] 512 door -> 下载完成 (尝试 1 次)
[2929/5172] 512 floor -> 下载完成 (尝试 1 次)
[2930/5172] 512 poor -> 下载完成 (尝试 1 次)
[2934/5172] 512 essay -> 下载完成 (尝试 1 次)
[2931/5172] 512 efficient -> 下载完成 (尝试 1 次)
[2932/5172] 512 essential -> 下载完成 (尝试 1 次)
[2935/5172] 512 embassy -> 下载完成 (尝试 1 次)
[2933/5172] 512 exaggerate -> 下载完成 (尝试 1 次)
[2936/5172] 512 issue -> 下载完成 (尝试 1 次)
[2940/5172] 512 pressed -> 下载完成 (尝试 1 次)
[2937/5172] 512 curriculum -> 下载完成 (尝试 1 次)
[2938/5172] 512 express -> 下载完成 (尝试 1 次)
[2939/5172] 512 congress -> 下载完成 (尝试 1 次)
[2941/5172] 512 pressure -> 下载完成 (尝试 1 次)
[2942/5172] 512 fee -> 下载完成 (尝试 1 次)
[2944/5172] 512 ferry -> 下载完成 (尝试 1 次)
[2943/5172] 512 feedback -> 下载完成 (尝试 1 次)
[2947/5172] 512 foot -> 下载完成 (尝试 1 次)
[2945/5172] 512 fossil -> 下载完成 (尝试 1 次)
[2948/5172] 512 football -> 下载完成 (尝试 1 次)
[2946/5172] 512 food -> 下载完成 (尝试 1 次)
[2952/5172] 512 grammar -> 下载完成 (尝试 1 次)
[2949/5172] 512 footprint -> 下载完成 (尝试 1 次)
[2950/5172] 512 goods -> 下载完成 (尝试 1 次)
[2951/5172] 512 gallon -> 下载完成 (尝试 1 次)
[2954/5172] 512 textbook -> 下载完成 (尝试 1 次)
[2953/5172] 512 handbook -> 下载完成 (尝试 1 次)
[2957/5172] 512 hippo -> 下载完成 (尝试 1 次)
[2955/5172] 512 notebook -> 下载完成 (尝试 1 次)
[2958/5172] 512 hoover -> 下载完成 (尝试 1 次)
[2960/5172] 512 hall -> 下载完成 (尝试 1 次)
[2956/5172] 512 newsletters -> 下载完成 (尝试 1 次)
[2959/5172] 512 horror -> 下载完成 (尝试 1 次)
[2961/5172] 512 immune -> 下载完成 (尝试 1 次)
[2964/5172] 512 useless -> 下载完成 (尝试 1 次)
[2966/5172] 512 incorrect -> 下载完成 (尝试 1 次)
[2962/5172] 512 irrigation -> 下载完成 (尝试 1 次)
[2963/5172] 512 irritation -> 下载完成 (尝试 1 次)
[2965/5172] 512 impossible -> 下载完成 (尝试 1 次)
[2967/5172] 512 innovation -> 下载完成 (尝试 1 次)
[2970/5172] 512 degree -> 下载完成 (尝试 1 次)
[2971/5172] 512 likelihood -> 下载完成 (尝试 1 次)
[2969/5172] 512 lessen -> 下载完成 (尝试 1 次)
[2968/5172] 512 interviewee -> 下载完成 (尝试 1 次)
[2972/5172] 512 firewood -> 下载完成 (尝试 1 次)
[2973/5172] 512 matter -> 下载完成 (尝试 1 次)
[2974/5172] 512 mammal -> 下载完成 (尝试 1 次)
[2977/5172] 512 midday -> 下载完成 (尝试 1 次)
[2978/5172] 512 million -> 下载完成 (尝试 1 次)
[2975/5172] 512 mass -> 下载完成 (尝试 1 次)
[2976/5172] 512 massage -> 下载完成 (尝试 1 次)
[2980/5172] 512 lookout -> 下载完成 (尝试 1 次)
[2979/5172] 512 narrator -> 下载完成 (尝试 1 次)
[2982/5172] 512 occupant -> 下载完成 (尝试 1 次)
[2983/5172] 512 occupation -> 下载完成 (尝试 1 次)
[2981/5172] 512 occasion -> 下载完成 (尝试 1 次)
[2984/5172] 512 occupational -> 下载完成 (尝试 1 次)
[2985/5172] 512 offer -> 下载完成 (尝试 1 次)
[2986/5172] 512 office -> 下载完成 (尝试 1 次)
[2989/5172] 512 passport -> 下载完成 (尝试 1 次)
[2987/5172] 512 officer -> 下载完成 (尝试 1 次)
[2991/5172] 512 pattern -> 下载完成 (尝试 1 次)
[2990/5172] 512 password -> 下载完成 (尝试 1 次)
[2992/5172] 512 paddle -> 下载完成 (尝试 1 次)
[2988/5172] 512 passage -> 下载完成 (尝试 1 次)
[2993/5172] 512 penny -> 下载完成 (尝试 1 次)
[2994/5172] 512 personnel -> 下载完成 (尝试 1 次)
[2995/5172] 512 pottery -> 下载完成 (尝试 1 次)
[2996/5172] 512 process -> 下载完成 (尝试 1 次)
[2997/5172] 512 processing -> 下载完成 (尝试 1 次)
[2998/5172] 512 profession -> 下载完成 (尝试 1 次)
[2999/5172] 512 professor -> 下载完成 (尝试 1 次)
[3000/5172] 512 questionnaire -> 下载完成 (尝试 1 次)
[3003/5172] 512 robber -> 下载完成 (尝试 1 次)
[3002/5172] 512 opportunities -> 下载完成 (尝试 1 次)
[3001/5172] 512 possibility -> 下载完成 (尝试 1 次)
[3004/5172] 512 otter -> 下载完成 (尝试 1 次)
[3005/5172] 512 rubbish -> 下载完成 (尝试 1 次)
[3006/5172] 512 russia -> 下载完成 (尝试 1 次)
[3007/5172] 512 school -> 下载完成 (尝试 1 次)
[3008/5172] 512 kangaroo -> 下载完成 (尝试 1 次)
[3009/5172] 512 scottish -> 下载完成 (尝试 1 次)
[3010/5172] 512 screen -> 下载完成 (尝试 1 次)
[3011/5172] 512 seafood -> 下载完成 (尝试 1 次)
[3013/5172] 512 shuttle -> 下载完成 (尝试 1 次)
[3012/5172] 512 settlement -> 下载完成 (尝试 1 次)
[3015/5172] 512 swimming -> 下载完成 (尝试 1 次)
[3014/5172] 512 shopping -> 下载完成 (尝试 1 次)
[3016/5172] 512 skiing -> 下载完成 (尝试 1 次)
[3017/5172] 512 setting -> 下载完成 (尝试 1 次)
[3018/5172] 512 steel -> 下载完成 (尝试 1 次)
[3019/5172] 512 steering -> 下载完成 (尝试 1 次)
[3021/5172] 512 stressful -> 下载完成 (尝试 1 次)
[3020/5172] 512 stress -> 下载完成 (尝试 1 次)
[3023/5172] 512 staff -> 下载完成 (尝试 1 次)
[3022/5172] 512 stiff -> 下载完成 (尝试 1 次)
[3024/5172] 512 stuff -> 下载完成 (尝试 1 次)
[3025/5172] 512 cliff -> 下载完成 (尝试 1 次)
[3028/5172] 512 session -> 下载完成 (尝试 1 次)
[3026/5172] 512 success -> 下载完成 (尝试 1 次)
[3029/5172] 512 concession -> 下载完成 (尝试 1 次)
[3027/5172] 512 successful -> 下载完成 (尝试 1 次)
[3030/5172] 512 summary -> 下载完成 (尝试 1 次)
[3031/5172] 512 summer -> 下载完成 (尝试 1 次)
[3032/5172] 512 summit -> 下载完成 (尝试 1 次)
[3034/5172] 512 supply -> 下载完成 (尝试 1 次)
[3035/5172] 512 support -> 下载完成 (尝试 1 次)
[3033/5172] 512 supplementary -> 下载完成 (尝试 1 次)
[3037/5172] 512 tennis -> 下载完成 (尝试 1 次)
[3036/5172] 512 supportive -> 下载完成 (尝试 1 次)
[3038/5172] 512 tunnel -> 下载完成 (尝试 1 次)
[3039/5172] 512 toothache -> 下载完成 (尝试 1 次)
[3041/5172] 512 terraced -> 下载完成 (尝试 1 次)
[3040/5172] 512 traffic -> 下载完成 (尝试 1 次)
[3043/5172] 512 vaccine -> 下载完成 (尝试 1 次)
[3042/5172] 512 terrestrial -> 下载完成 (尝试 1 次)
[3044/5172] 512 vacuum -> 下载完成 (尝试 1 次)
[3047/5172] 512 weed -> 下载完成 (尝试 1 次)
[3045/5172] 512 waitress -> 下载完成 (尝试 1 次)
[3046/5172] 512 willow -> 下载完成 (尝试 1 次)
[3050/5172] 512 zoo -> 下载完成 (尝试 1 次)
[3048/5172] 512 wood -> 下载完成 (尝试 1 次)
[3051/5172] 1101 gym -> 下载完成 (尝试 1 次)
[3049/5172] 512 woods -> 下载完成 (尝试 1 次)
[3052/5172] 1101 map -> 下载完成 (尝试 1 次)
[3053/5172] 1101 mat -> 下载完成 (尝试 1 次)
[3055/5172] 1101 spa -> 下载完成 (尝试 1 次)
[3056/5172] 1101 dirt -> 下载完成 (尝试 1 次)
[3058/5172] 1101 glue -> 下载完成 (尝试 1 次)
[3054/5172] 1101 mud -> 下载完成 (尝试 1 次)
[3059/5172] 1101 judo -> 下载完成 (尝试 1 次)
[3057/5172] 1101 font -> 下载完成 (尝试 1 次)
[3060/5172] 1101 lens -> 下载完成 (尝试 1 次)[3115/5172] 1101 no nuts -> 下载失败: HTTP 404
[3129/5172] 1101 back row -> 下载失败: HTTP 404
[3135/5172] 1101 dust bag -> 下载失败: HTTP 404
[3139/5172] 1101 ice pack -> 下载失败: HTTP 404
[3146/5172] 1101 sick pay -> 下载失败: HTTP 404
[3152/5172] 1101 cable car -> 下载失败: HTTP 404
[3159/5172] 1101 fish tank -> 下载失败: HTTP 404
[3162/5172] 1101 job title -> 下载失败: HTTP 404
[3167/5172] 1101 new opera -> 下载失败: HTTP 404
[3170/5172] 1101 rock pool -> 下载失败: HTTP 404
[3171/5172] 1101 side gate -> 下载失败: HTTP 404
[3174/5172] 1101 sun cream -> 下载失败: HTTP 404
[3176/5172] 1101 top mount -> 下载失败: HTTP 404
[3177/5172] 1101 town hall -> 下载失败: HTTP 404
[3180/5172] 1101 car number -> 下载失败: HTTP 404
[3183/5172] 1101 coral reef -> 下载失败: HTTP 404
[3182/5172] 1101 child seat -> 下载失败: HTTP 404
[3184/5172] 1101 course fee -> 下载失败: HTTP 404
[3186/5172] 1101 eating out -> 下载失败: HTTP 404
[3187/5172] 1101 extra room -> 下载失败: HTTP 404
[3188/5172] 1101 family use -> 下载失败: HTTP 404
[3190/5172] 1101 gold stars -> 下载失败: HTTP 404
[3189/5172] 1101 free entry -> 下载失败: HTTP 404
[3191/5172] 1101 golf court -> 下载失败: HTTP 404
[3192/5172] 1101 good value -> 下载失败: HTTP 404
[3193/5172] 1101 green ride -> 下载失败: HTTP 404
[3196/5172] 1101 in transit -> 下载失败: HTTP 404
[3194/5172] 1101 group trip -> 下载失败: HTTP 404
[3198/5172] 1101 long stick -> 下载失败: HTTP 404
[3200/5172] 1101 name cards -> 下载失败: HTTP 404
[3199/5172] 1101 long strap -> 下载失败: HTTP 404
[3202/5172] 1101 postal fee -> 下载失败: HTTP 404
[3204/5172] 1101 self drive -> 下载失败: HTTP 404
[3205/5172] 1101 short time -> 下载失败: HTTP 404
[3206/5172] 1101 van driver -> 下载失败: HTTP 404
[3209/5172] 1101 book keeper -> 下载失败: HTTP 404
[3212/5172] 1101 egg cartons -> 下载失败: HTTP 404
[3216/5172] 1101 flower shop -> 下载失败: HTTP 404
[3217/5172] 1101 free recipe -> 下载失败: HTTP 404
[3219/5172] 1101 garden room -> 下载失败: HTTP 404
[3220/5172] 1101 house agent -> 下载失败: HTTP 404
[3221/5172] 1101 job agency -> 下载失败: HTTP 404
[3222/5172] 1101 large slide -> 下载失败: HTTP 404
[3223/5172] 1101 lost mails -> 下载失败: HTTP 404
[3224/5172] 1101 on the rack -> 下载失败: HTTP 404
[3226/5172] 1101 ozone layer -> 下载失败: HTTP 404
[3228/5172] 1101 post office -> 下载失败: HTTP 404
[3229/5172] 1101 public show -> 下载失败: HTTP 404
[3232/5172] 1101 spring park -> 下载失败: HTTP 404
[3233/5172] 1101 total value -> 下载失败: HTTP 404
[3234/5172] 1101 toy factory -> 下载失败: HTTP 404
[3235/5172] 1101 vocal class -> 下载失败: HTTP 404
[3236/5172] 1101 alarm system -> 下载失败: HTTP 404
[3238/5172] 1101 delivery fee -> 下载失败: HTTP 404
[3240/5172] 1101 family photo -> 下载失败: HTTP 404
[3241/5172] 1101 free parking -> 下载失败: HTTP 404
[3242/5172] 1101 fridge model -> 下载失败: HTTP 404
[3243/5172] 1101 high seasons -> 下载失败: HTTP 404
[3244/5172] 1101 home welcome -> 下载失败: HTTP 404
[3245/5172] 1101 horse riding -> 下载失败: HTTP 404
[3247/5172] 1101 monthly rent -> 下载失败: HTTP 404
[3249/5172] 1101 organic food -> 下载失败: HTTP 404
[3248/5172] 1101 night flight -> 下载失败: HTTP 404
[3251/5172] 1101 poor quality -> 下载失败: HTTP 404
[3250/5172] 1101 personal use -> 下载失败: HTTP 404
[3252/5172] 1101 road runner -> 下载失败: HTTP 404
[3253/5172] 1101 round tables -> 下载失败: HTTP 404
[3254/5172] 1101 safety check -> 下载失败: HTTP 404
[3255/5172] 1101 sleeping bag -> 下载失败: HTTP 404
[3257/5172] 1101 space museum -> 下载失败: HTTP 404
[3258/5172] 1101 bank transfer -> 下载失败: HTTP 404
[3259/5172] 1101 basic package -> 下载失败: HTTP 404
[3260/5172] 1101 changing room -> 下载失败: HTTP 404
[3262/5172] 1101 coastal roads -> 下载失败: HTTP 404
[3264/5172] 1101 cycling route -> 下载失败: HTTP 404
[3266/5172] 1101 dark trousers -> 下载失败: HTTP 404
[3265/5172] 1101 dance classes -> 下载失败: HTTP 404
[3267/5172] 1101 date of birth -> 下载失败: HTTP 404
[3268/5172] 1101 daytime class -> 下载失败: HTTP 404
[3270/5172] 1101 energy saving -> 下载失败: HTTP 404
[3271/5172] 1101 error message -> 下载失败: HTTP 404
[3272/5172] 1101 evening meals -> 下载失败: HTTP 404
[3273/5172] 1101 film festival -> 下载失败: HTTP 404
[3274/5172] 1101 group deposit -> 下载失败: HTTP 404
[3275/5172] 1101 heart disease -> 下载失败: HTTP 404
[3276/5172] 1101 hot chocolate -> 下载失败: HTTP 404
[3277/5172] 1101 internet cafe -> 下载失败: HTTP 404
[3278/5172] 1101 isolated spot -> 下载失败: HTTP 404
[3279/5172] 1101 juice bottles -> 下载失败: HTTP 404
[3280/5172] 1101 leather shoes -> 下载失败: HTTP 404
[3282/5172] 1101 maximum price -> 下载失败: HTTP 404
[3283/5172] 1101 off-peak time -> 下载失败: HTTP 404
[3284/5172] 1101 order section -> 下载失败: HTTP 404
[3285/5172] 1101 paddling pool -> 下载失败: HTTP 404
[3287/5172] 1101 regular check -> 下载失败: HTTP 404
[3288/5172] 1101 required date -> 下载失败: HTTP 404
[3289/5172] 1101 rock climbing -> 下载失败: HTTP 404
[3291/5172] 1101 snow boarding -> 下载失败: HTTP 404
[3290/5172] 1101 season ticket -> 下载失败: HTTP 404
[3292/5172] 1101 special items -> 下载失败: HTTP 404
[3293/5172] 1101 sports centre -> 下载失败: HTTP 404
[3294/5172] 1101 sports injury -> 下载失败: HTTP 404
[3295/5172] 1101 starting date -> 下载失败: HTTP 404
[3296/5172] 1101 total deposit -> 下载失败: HTTP 404
[3297/5172] 1101 total payment -> 下载失败: HTTP 404
[3298/5172] 1101 walking boots -> 下载失败: HTTP 404
[3299/5172] 1101 warm clothing -> 下载失败: HTTP 404
[3300/5172] 1101 washing staff -> 下载失败: HTTP 404
[3301/5172] 1101 weekly return -> 下载失败: HTTP 404
[3302/5172] 1101 side entrance -> 下载失败: HTTP 404
[3304/5172] 1101 advanced level -> 下载失败: HTTP 404
[3305/5172] 1101 bank statement -> 下载失败: HTTP 404
[3306/5172] 1101 baseball coach -> 下载失败: HTTP 404
[3307/5172] 1101 branch manager -> 下载失败: HTTP 404
[3308/5172] 1101 country living -> 下载失败: HTTP 404
[3309/5172] 1101 culture centre -> 下载失败: HTTP 404
[3310/5172] 1101 drama workshop -> 下载失败: HTTP 404
[3311/5172] 1101 financial loss -> 下载失败: HTTP 404
[3312/5172] 1101 flight service -> 下载失败: HTTP 404
[3313/5172] 1101 fresh products -> 下载失败: HTTP 404
[3314/5172] 1101 friendly faces -> 下载失败: HTTP 404
[3316/5172] 1101 group discount -> 下载失败: HTTP 404
[3315/5172] 1101 grocery stores -> 下载失败: HTTP 404
[3317/5172] 1101 health service -> 下载失败: HTTP 404
[3320/5172] 1101 joining fee(s) -> 下载失败: HTTP 404
[3321/5172] 1101 language skill -> 下载失败: HTTP 404
[3322/5172] 1101 leather jacket -> 下载失败: HTTP 404
[3323/5172] 1101 leisure centre -> 下载失败: HTTP 404
[3324/5172] 1101 length of stay -> 下载失败: HTTP 404
[3325/5172] 1101 modern authors -> 下载失败: HTTP 404
[3326/5172] 1101 personal tutor -> 下载失败: HTTP 404
[3327/5172] 1101 petrol station -> 下载失败: HTTP 404
[3328/5172] 1101 previous major -> 下载失败: HTTP 404
[3329/5172] 1101 renew passport -> 下载失败: HTTP 404
[3330/5172] 1101 return tickets -> 下载失败: HTTP 404
[3331/5172] 1101 silver package -> 下载失败: HTTP 404
[3332/5172] 1101 teaching venue -> 下载失败: HTTP 404
[3333/5172] 1101 value of money -> 下载失败: HTTP 404
[3334/5172] 1101 white mountain -> 下载失败: HTTP 404
[3335/5172] 1101 bills and meals -> 下载失败: HTTP 404
[3336/5172] 1101 central heating -> 下载失败: HTTP 404
[3337/5172] 1101 client engineer -> 下载失败: HTTP 404
[3339/5172] 1101 current address -> 下载失败: HTTP 404
[3340/5172] 1101 driving licence -> 下载失败: HTTP 404
[3341/5172] 1101 estimated value -> 下载失败: HTTP 404
[3342/5172] 1101 existing skills -> 下载失败: HTTP 404
[3343/5172] 1101 helicopter trip -> 下载失败: HTTP 404
[3344/5172] 1101 house insurance -> 下载失败: HTTP 404
[3345/5172] 1101 id code numbers -> 下载失败: HTTP 404
[3347/5172] 1101 limited parking -> 下载失败: HTTP 404
[3346/5172] 1101 job requirement -> 下载失败: HTTP 404
[3348/5172] 1101 organic farming -> 下载失败: HTTP 404
[3349/5172] 1101 private company -> 下载失败: HTTP 404
[3350/5172] 1101 service manager -> 下载失败: HTTP 404
[3351/5172] 1101 starting salary -> 下载失败: HTTP 404
[3353/5172] 1101 vegetarian food -> 下载失败: HTTP 404
[3352/5172] 1101 temporary staff -> 下载失败: HTTP 404
[3354/5172] 1101 washing machine -> 下载失败: HTTP 404
[3355/5172] 1101 advanced lessons -> 下载失败: HTTP 404
[3356/5172] 1101 book reservation -> 下载失败: HTTP 404
[3357/5172] 1101 bunch of flowers -> 下载失败: HTTP 404
[3359/5172] 1101 good performance -> 下载失败: HTTP 404
[3358/5172] 1101 customer service -> 下载失败: HTTP 404
[3360/5172] 1101 non-smoking room -> 下载失败: HTTP 404
[3361/5172] 1101 office furniture -> 下载失败: HTTP 404
[3362/5172] 1101 planning meeting -> 下载失败: HTTP 404
[3363/5172] 1101 public outskirts -> 下载失败: HTTP 404
[3364/5172] 1101 reference number -> 下载失败: HTTP 404
[3365/5172] 1101 sports equipment -> 下载失败: HTTP 404
[3366/5172] 1101 student discount -> 下载失败: HTTP 404
[3367/5172] 1101 type of magazine -> 下载失败: HTTP 404
[3368/5172] 1101 vegetable burger -> 下载失败: HTTP 404
[3369/5172] 1101 calling diversion -> 下载失败: HTTP 404
[3370/5172] 1101 comfortable shoes -> 下载失败: HTTP 404
[3371/5172] 1101 computer literate -> 下载失败: HTTP 404
[3372/5172] 1101 conference centre -> 下载失败: HTTP 404
[3373/5172] 1101 length of waiting -> 下载失败: HTTP 404
[3374/5172] 1101 membership number -> 下载失败: HTTP 404
[3375/5172] 1101 previous working experience -> 下载失败: HTTP 404
[3376/5172] 1101 protection policy -> 下载失败: HTTP 404
[3377/5172] 1101 type of insurance -> 下载失败: HTTP 404
[3379/5172] 1101 business companies -> 下载失败: HTTP 404
[3378/5172] 1101 accommodation type -> 下载失败: HTTP 404
[3380/5172] 1101 current occupation -> 下载失败: HTTP 404
[3381/5172] 1101 electricity supply -> 下载失败: HTTP 404
[3382/5172] 1101 employment medical certificate -> 下载失败: HTTP 404
[3383/5172] 1101 investment schemes -> 下载失败: HTTP 404
[3384/5172] 1101 nursery supervisor -> 下载失败: HTTP 404
[3385/5172] 1101 outdoor activities -> 下载失败: HTTP 404
[3386/5172] 1101 personal attention -> 下载失败: HTTP 404
[3387/5172] 1101 safety regulations -> 下载失败: HTTP 404
[3388/5172] 1101 advertising company -> 下载失败: HTTP 404
[3389/5172] 1101 asian cooking class -> 下载失败: HTTP 404
[3391/5172] 1101 decoration balloons -> 下载失败: HTTP 404
[3390/5172] 1101 daytime temperature -> 下载失败: HTTP 404
[3392/5172] 1101 evening appointment -> 下载失败: HTTP 404
[3393/5172] 1101 furniture designers -> 下载失败: HTTP 404
[3394/5172] 1101 preferred equipment -> 下载失败: HTTP 404
[3395/5172] 1101 special requirement -> 下载失败: HTTP 404
[3396/5172] 1101 different performers -> 下载失败: HTTP 404
[3397/5172] 1101 interpersonal skills -> 下载失败: HTTP 404
[3398/5172] 1101 peaceful environment -> 下载失败: HTTP 404
[3399/5172] 1101 preferred occupation -> 下载失败: HTTP 404
[3400/5172] 1101 registration process -> 下载失败: HTTP 404
[3401/5172] 1101 dreamtime under stars -> 下载失败: HTTP 404
[3402/5172] 1101 inconvenient location -> 下载失败: HTTP 404
[3403/5172] 1101 membership limitation -> 下载失败: HTTP 404
[3404/5172] 1101 outdoor swimming pool -> 下载失败: HTTP 404
[3405/5172] 1101 type of accommodation -> 下载失败: HTTP 404
[3406/5172] 1101 agency representatives -> 下载失败: HTTP 404
[3407/5172] 1101 electronic game centre -> 下载失败: HTTP 404
[3408/5172] 1101 group booking discount -> 下载失败: HTTP 404
[3409/5172] 1101 international express -> 下载失败: HTTP 404
[3410/5172] 1101 maintenance of gardens -> 下载失败: HTTP 404
[3411/5172] 1101 old-fashioned exterior -> 下载失败: HTTP 404
[3412/5172] 1101 customer service officer -> 下载失败: HTTP 404
[3413/5172] 1101 extra transportation cost -> 下载失败: HTTP 404

[3062/5172] 1101 myth -> 下载完成 (尝试 1 次)
[3063/5172] 1101 neck -> 下载完成 (尝试 1 次)
[3061/5172] 1101 mask -> 下载完成 (尝试 1 次)
[3064/5172] 1101 pegs -> 下载完成 (尝试 1 次)
[3065/5172] 1101 pest -> 下载完成 (尝试 1 次)
[3067/5172] 1101 rape -> 下载完成 (尝试 1 次)
[3066/5172] 1101 pump -> 下载完成 (尝试 1 次)
[3068/5172] 1101 sink -> 下载完成 (尝试 1 次)
[3070/5172] 1101 yoga -> 下载完成 (尝试 1 次)
[3069/5172] 1101 vest -> 下载完成 (尝试 1 次)
[3071/5172] 1101 zoom -> 下载完成 (尝试 1 次)
[3076/5172] 1101 lemon -> 下载完成 (尝试 1 次)
[3072/5172] 1101 bills -> 下载完成 (尝试 1 次)
[3073/5172] 1101 coach -> 下载完成 (尝试 1 次)
[3075/5172] 1101 knife -> 下载完成 (尝试 1 次)
[3074/5172] 1101 hazel -> 下载完成 (尝试 1 次)
[3077/5172] 1101 nylon -> 下载完成 (尝试 1 次)
[3078/5172] 1101 sauna -> 下载完成 (尝试 1 次)
[3081/5172] 1101 stove -> 下载完成 (尝试 1 次)
[3082/5172] 1101 access -> 下载完成 (尝试 1 次)
[3083/5172] 1101 ballet -> 下载完成 (尝试 1 次)
[3080/5172] 1101 spine -> 下载完成 (尝试 1 次)
[3079/5172] 1101 shade -> 下载完成 (尝试 1 次)
[3084/5172] 1101 buffet -> 下载完成 (尝试 1 次)
[3085/5172] 1101 charge -> 下载完成 (尝试 1 次)
[3086/5172] 1101 cooled -> 下载完成 (尝试 1 次)
[3087/5172] 1101 critic -> 下载完成 (尝试 1 次)
[3090/5172] 1101 laptop -> 下载完成 (尝试 1 次)
[3089/5172] 1101 ladder -> 下载完成 (尝试 1 次)
[3091/5172] 1101 locker -> 下载完成 (尝试 1 次)
[3092/5172] 1101 mirror -> 下载完成 (尝试 1 次)
[3088/5172] 1101 helmet -> 下载完成 (尝试 1 次)
[3093/5172] 1101 napkin -> 下载完成 (尝试 1 次)
[3095/5172] 1101 outfit -> 下载完成 (尝试 1 次)
[3096/5172] 1101 racket -> 下载完成 (尝试 1 次)
[3099/5172] 1101 sector -> 下载完成 (尝试 1 次)
[3097/5172] 1101 resort -> 下载完成 (尝试 1 次)
[3098/5172] 1101 sealed -> 下载完成 (尝试 1 次)
[3094/5172] 1101 opened -> 下载完成 (尝试 1 次)
[3100/5172] 1101 studio -> 下载完成 (尝试 1 次)
[3102/5172] 1101 sweden -> 下载完成 (尝试 1 次)
[3101/5172] 1101 survey -> 下载完成 (尝试 1 次)
[3104/5172] 1101 amateur -> 下载完成 (尝试 1 次)
[3103/5172] 1101 violin -> 下载完成 (尝试 1 次)
[3105/5172] 1101 candles -> 下载完成 (尝试 1 次)
[3106/5172] 1101 canteen -> 下载完成 (尝试 1 次)
[3108/5172] 1101 cleaned -> 下载完成 (尝试 1 次)
[3109/5172] 1101 cracked -> 下载完成 (尝试 1 次)
[3110/5172] 1101 grocery -> 下载完成 (尝试 1 次)
[3107/5172] 1101 caravan -> 下载完成 (尝试 1 次)
[3113/5172] 1101 liberty -> 下载完成 (尝试 1 次)
[3114/5172] 1101 liquids -> 下载完成 (尝试 1 次)
[3116/5172] 1101 package -> 下载完成 (尝试 1 次)
[3112/5172] 1101 laundry -> 下载完成 (尝试 1 次)
[3111/5172] 1101 handles -> 下载完成 (尝试 1 次)
[3117/5172] 1101 partner -> 下载完成 (尝试 1 次)
[3118/5172] 1101 plastic -> 下载完成 (尝试 1 次)
[3121/5172] 1101 poverty -> 下载完成 (尝试 1 次)
[3122/5172] 1101 receipt -> 下载完成 (尝试 1 次)
[3119/5172] 1101 postage -> 下载完成 (尝试 1 次)
[3123/5172] 1101 sailing -> 下载完成 (尝试 1 次)
[3120/5172] 1101 posters -> 下载完成 (尝试 1 次)
[3124/5172] 1101 segment -> 下载完成 (尝试 1 次)
[3126/5172] 1101 transit -> 下载完成 (尝试 1 次)
[3125/5172] 1101 storage -> 下载完成 (尝试 1 次)
[3127/5172] 1101 vacancy -> 下载完成 (尝试 1 次)
[3128/5172] 1101 website -> 下载完成 (尝试 1 次)
[3130/5172] 1101 calendar -> 下载完成 (尝试 1 次)
[3132/5172] 1101 clerical -> 下载完成 (尝试 1 次)
[3131/5172] 1101 campsite -> 下载完成 (尝试 1 次)
[3133/5172] 1101 composer -> 下载完成 (尝试 1 次)
[3134/5172] 1101 duration -> 下载完成 (尝试 1 次)
[3136/5172] 1101 elevator -> 下载完成 (尝试 1 次)
[3138/5172] 1101 fountain -> 下载完成 (尝试 1 次)
[3137/5172] 1101 expanded -> 下载完成 (尝试 1 次)
[3141/5172] 1101 moderate -> 下载完成 (尝试 1 次)
[3140/5172] 1101 keyboard -> 下载完成 (尝试 1 次)
[3142/5172] 1101 monument -> 下载完成 (尝试 1 次)
[3143/5172] 1101 portrait -> 下载完成 (尝试 1 次)
[3144/5172] 1101 reliable -> 下载完成 (尝试 1 次)
[3145/5172] 1101 scaffold -> 下载完成 (尝试 1 次)
[3147/5172] 1101 variable -> 下载完成 (尝试 1 次)
[3148/5172] 1101 voucher -> 下载完成 (尝试 1 次)
[3149/5172] 1101 waitress -> 下载完成 (尝试 1 次)
[3150/5172] 1101 adventure -> 下载完成 (尝试 1 次)
[3151/5172] 1101 automatic -> 下载完成 (尝试 1 次)
[3154/5172] 1101 container -> 下载完成 (尝试 1 次)
[3153/5172] 1101 carpentry -> 下载完成 (尝试 1 次)
[3155/5172] 1101 donations -> 下载完成 (尝试 1 次)
[3156/5172] 1101 enjoyable -> 下载完成 (尝试 1 次)
[3157/5172] 1101 excursion -> 下载完成 (尝试 1 次)
[3158/5172] 1101 fireplace -> 下载完成 (尝试 1 次)
[3160/5172] 1101 harvested -> 下载完成 (尝试 1 次)
[3161/5172] 1101 infection -> 下载完成 (尝试 1 次)
[3163/5172] 1101 landscape -> 下载完成 (尝试 1 次)
[3164/5172] 1101 lifeguard -> 下载完成 (尝试 1 次)
[3166/5172] 1101 moonlight -> 下载完成 (尝试 1 次)
[3165/5172] 1101 mid-range -> 下载完成 (尝试 1 次)
[3168/5172] 1101 occupancy -> 下载完成 (尝试 1 次)
[3169/5172] 1101 orchestra -> 下载完成 (尝试 1 次)
[3172/5172] 1101 signature -> 下载完成 (尝试 1 次)
[3173/5172] 1101 socialise -> 下载完成 (尝试 1 次)
[3175/5172] 1101 symbolism -> 下载完成 (尝试 1 次)
[3178/5172] 1101 warehouse -> 下载完成 (尝试 1 次)
[3179/5172] 1101 waterfall -> 下载完成 (尝试 1 次)
[3181/5172] 1101 categories -> 下载完成 (尝试 1 次)
[3185/5172] 1101 disability -> 下载完成 (尝试 1 次)
[3195/5172] 1101 helicopter -> 下载完成 (尝试 1 次)
[3197/5172] 1101 instructor -> 下载完成 (尝试 1 次)
[3201/5172] 1101 navigation -> 下载完成 (尝试 1 次)
[3203/5172] 1101 researcher -> 下载完成 (尝试 1 次)
[3208/5172] 1101 waterproof -> 下载完成 (尝试 1 次)
[3211/5172] 1101 complicated -> 下载完成 (尝试 1 次)
[3210/5172] 1101 certificate -> 下载完成 (尝试 1 次)
[3213/5172] 1101 electricity -> 下载完成 (尝试 1 次)
[3214/5172] 1101 enlargement -> 下载完成 (尝试 1 次)
[3215/5172] 1101 expectation -> 下载完成 (尝试 1 次)
[3207/5172] 1101 vegetarian -> 下载完成 (尝试 1 次)
[3218/5172] 1101 frustrating -> 下载完成 (尝试 1 次)
[3227/5172] 1101 painkillers -> 下载完成 (尝试 1 次)
[3225/5172] 1101 orientation -> 下载完成 (尝试 1 次)
[3230/5172] 1101 roadrunners -> 下载完成 (尝试 1 次)
[3231/5172] 1101 spreadsheet -> 下载完成 (尝试 1 次)
[3237/5172] 1101 birdwatching -> 下载完成 (尝试 1 次)
[3239/5172] 1101 double-grill -> 下载完成 (尝试 1 次)
[3246/5172] 1101 intermediate -> 下载完成 (尝试 1 次)
[3256/5172] 1101 snowboarding -> 下载完成 (尝试 1 次)
[3261/5172] 1101 child-minding -> 下载完成 (尝试 1 次)
[3263/5172] 1101 concentration -> 下载完成 (尝试 1 次)
[3269/5172] 1101 demonstration -> 下载完成 (尝试 1 次)
[3281/5172] 1101 manufacturing -> 下载完成 (尝试 1 次)
[3286/5172] 1101 qualification -> 下载完成 (尝试 1 次)
[3303/5172] 1101 administrative -> 下载完成 (尝试 1 次)
[3318/5172] 1101 identification -> 下载完成 (尝试 1 次)
[3319/5172] 1101 infrastructure -> 下载完成 (尝试 1 次)
[3338/5172] 1101 congratulations -> 下载完成 (尝试 1 次)
[3414/5172] 1102 bend -> 下载完成 (尝试 1 次)
[3415/5172] 1102 dirt -> 下载完成 (尝试 1 次)
[3416/5172] 1102 fume -> 下载完成 (尝试 1 次)
[3417/5172] 1102 maze -> 下载完成 (尝试 1 次)
[3420/5172] 1102 sack -> 下载完成 (尝试 1 次)
[3421/5172] 1102 aging -> 下载完成 (尝试 1 次)
[3418/5172] 1102 rack -> 下载完成 (尝试 1 次)
[3419/5172] 1102 ramp -> 下载完成 (尝试 1 次)
[3422/5172] 1102 canoe -> 下载完成 (尝试 1 次)[3474/5172] 1102 hot meal -> 下载失败: HTTP 404
[3473/5172] 1102 gym room -> 下载失败: HTTP 404
[3486/5172] 1102 arm badge -> 下载失败: HTTP 404
[3489/5172] 1102 bush fire -> 下载失败: HTTP 404
[3495/5172] 1102 gift shop -> 下载失败: HTTP 404
[3498/5172] 1102 mixed age -> 下载失败: HTTP 404
[3507/5172] 1102 tap water -> 下载失败: HTTP 404
[3509/5172] 1102 test room -> 下载失败: HTTP 404
[3510/5172] 1102 town hall -> 下载失败: HTTP 404
[3511/5172] 1102 toy train -> 下载失败: HTTP 404
[3512/5172] 1102 art museum -> 下载失败: HTTP 404
[3516/5172] 1102 bike racks -> 下载失败: HTTP 404
[3517/5172] 1102 cabin keys -> 下载失败: HTTP 404
[3518/5172] 1102 camera man -> 下载失败: HTTP 404
[3519/5172] 1102 cash point -> 下载失败: HTTP 404
[3520/5172] 1102 chess club -> 下载失败: HTTP 404
[3521/5172] 1102 coach trip -> 下载失败: HTTP 404
[3524/5172] 1102 craft fair -> 下载失败: HTTP 404
[3525/5172] 1102 dance show -> 下载失败: HTTP 404
[3529/5172] 1102 fire drill -> 下载失败: HTTP 404
[3530/5172] 1102 front desk -> 下载失败: HTTP 404
[3531/5172] 1102 gas cooker -> 下载失败: HTTP 404
[3532/5172] 1102 good shoes -> 下载失败: HTTP 404
[3533/5172] 1102 high winds -> 下载失败: HTTP 404
[3534/5172] 1102 hot spring -> 下载失败: HTTP 404
[3536/5172] 1102 live music -> 下载失败: HTTP 404
[3538/5172] 1102 music room -> 下载失败: HTTP 404
[3541/5172] 1102 oil filter -> 下载失败: HTTP 404
[3542/5172] 1102 order form -> 下载失败: HTTP 404
[3543/5172] 1102 palm trees -> 下载失败: HTTP 404
[3545/5172] 1102 racing car -> 下载失败: HTTP 404
[3547/5172] 1102 river taxi -> 下载失败: HTTP 404
[3550/5172] 1102 store room -> 下载失败: HTTP 404
[3549/5172] 1102 solar pump -> 下载失败: HTTP 404
[3551/5172] 1102 street art -> 下载失败: HTTP 404
[3554/5172] 1102 tower view -> 下载失败: HTTP 404
[3555/5172] 1102 train ride -> 下载失败: HTTP 404
[3556/5172] 1102 trial test -> 下载失败: HTTP 404
[3560/5172] 1102 wooden peg -> 下载失败: HTTP 404
[3562/5172] 1102 animal life -> 下载失败: HTTP 404
[3565/5172] 1102 black swans -> 下载失败: HTTP 404
[3566/5172] 1102 board games -> 下载失败: HTTP 404
[3567/5172] 1102 budget trip -> 下载失败: HTTP 404
[3570/5172] 1102 card making -> 下载失败: HTTP 404
[3569/5172] 1102 calling fee -> 下载失败: HTTP 404
[3571/5172] 1102 cinema zone -> 下载失败: HTTP 404
[3572/5172] 1102 coffee shop -> 下载失败: HTTP 404
[3576/5172] 1102 family life -> 下载失败: HTTP 404
[3577/5172] 1102 fancy dress -> 下载失败: HTTP 404
[3579/5172] 1102 final score -> 下载失败: HTTP 404
[3580/5172] 1102 free locker -> 下载失败: HTTP 404
[3582/5172] 1102 head office -> 下载失败: HTTP 404
[3581/5172] 1102 garden pots -> 下载失败: HTTP 404
[3583/5172] 1102 heavy stuff -> 下载失败: HTTP 404
[3584/5172] 1102 hot balloon -> 下载失败: HTTP 404
[3585/5172] 1102 meal ticket -> 下载失败: HTTP 404
[3586/5172] 1102 minimum age -> 下载失败: HTTP 404
[3587/5172] 1102 music video -> 下载失败: HTTP 404
[3589/5172] 1102 picnic area -> 下载失败: HTTP 404
[3590/5172] 1102 plant seeds -> 下载失败: HTTP 404
[3591/5172] 1102 plastic bag -> 下载失败: HTTP 404
[3593/5172] 1102 smoke alarm -> 下载失败: HTTP 404
[3596/5172] 1102 total block -> 下载失败: HTTP 404
[3594/5172] 1102 spare socks -> 下载失败: HTTP 404
[3597/5172] 1102 traffic jam -> 下载失败: HTTP 404
[3598/5172] 1102 animal bones -> 下载失败: HTTP 404
[3599/5172] 1102 booking form -> 下载失败: HTTP 404
[3600/5172] 1102 cake factory -> 下载失败: HTTP 404
[3601/5172] 1102 caravan park -> 下载失败: HTTP 404
[3602/5172] 1102 check number -> 下载失败: HTTP 404
[3603/5172] 1102 comment card -> 下载失败: HTTP 404
[3604/5172] 1102 concert room -> 下载失败: HTTP 404
[3605/5172] 1102 control room -> 下载失败: HTTP 404
[3606/5172] 1102 cup cleaning -> 下载失败: HTTP 404
[3608/5172] 1102 enquiry desk -> 下载失败: HTTP 404
[3609/5172] 1102 equal length -> 下载失败: HTTP 404
[3610/5172] 1102 feed animals -> 下载失败: HTTP 404
[3611/5172] 1102 free massage -> 下载失败: HTTP 404
[3612/5172] 1102 fringe stage -> 下载失败: HTTP 404
[3613/5172] 1102 gallery shop -> 下载失败: HTTP 404
[3614/5172] 1102 garden tools -> 下载失败: HTTP 404
[3615/5172] 1102 green lounge -> 下载失败: HTTP 404
[3617/5172] 1102 health check -> 下载失败: HTTP 404
[3619/5172] 1102 limited time -> 下载失败: HTTP 404
[3620/5172] 1102 local museum -> 下载失败: HTTP 404
[3621/5172] 1102 local owners -> 下载失败: HTTP 404
[3622/5172] 1102 massage room -> 下载失败: HTTP 404
[3624/5172] 1102 postal items -> 下载失败: HTTP 404
[3623/5172] 1102 oil painting -> 下载失败: HTTP 404
[3626/5172] 1102 reset button -> 下载失败: HTTP 404
[3627/5172] 1102 seating area -> 下载失败: HTTP 404
[3629/5172] 1102 skating rink -> 下载失败: HTTP 404
[3630/5172] 1102 social event -> 下载失败: HTTP 404
[3628/5172] 1102 senior staff -> 下载失败: HTTP 404
[3631/5172] 1102 solar panels -> 下载失败: HTTP 404
[3633/5172] 1102 tour manager -> 下载失败: HTTP 404
[3634/5172] 1102 tuition fees -> 下载失败: HTTP 404
[3636/5172] 1102 urban garden -> 下载失败: HTTP 404
[3635/5172] 1102 tutorial fee -> 下载失败: HTTP 404
[3637/5172] 1102 venue change -> 下载失败: HTTP 404
[3638/5172] 1102 waiting room -> 下载失败: HTTP 404
[3639/5172] 1102 water bottle -> 下载失败: HTTP 404
[3640/5172] 1102 wild animals -> 下载失败: HTTP 404
[3642/5172] 1102 annual report -> 下载失败: HTTP 404
[3641/5172] 1102 wild flowers -> 下载失败: HTTP 404
[3643/5172] 1102 baby kangaroo -> 下载失败: HTTP 404
[3644/5172] 1102 back entrance -> 下载失败: HTTP 404
[3645/5172] 1102 bright fabric -> 下载失败: HTTP 404
[3647/5172] 1102 campus clinic -> 下载失败: HTTP 404
[3646/5172] 1102 building wood -> 下载失败: HTTP 404
[3648/5172] 1102 changing room -> 下载失败: HTTP 404
[3649/5172] 1102 delivery note -> 下载失败: HTTP 404
[3650/5172] 1102 electric card -> 下载失败: HTTP 404
[3651/5172] 1102 elephant zone -> 下载失败: HTTP 404
[3652/5172] 1102 exotic plants -> 下载失败: HTTP 404
[3653/5172] 1102 face painting -> 下载失败: HTTP 404
[3654/5172] 1102 family ticket -> 下载失败: HTTP 404
[3655/5172] 1102 global travel -> 下载失败: HTTP 404
[3656/5172] 1102 guest speaker -> 下载失败: HTTP 404
[3657/5172] 1102 heart monitor -> 下载失败: HTTP 404
[3659/5172] 1102 ink cartridge -> 下载失败: HTTP 404
[3660/5172] 1102 learning zone -> 下载失败: HTTP 404
[3661/5172] 1102 local artists -> 下载失败: HTTP 404
[3662/5172] 1102 long vacation -> 下载失败: HTTP 404
[3663/5172] 1102 lookout point -> 下载失败: HTTP 404
[3665/5172] 1102 part-time job -> 下载失败: HTTP 404
[3664/5172] 1102 meeting point -> 下载失败: HTTP 404
[3667/5172] 1102 roof scaffold -> 下载失败: HTTP 404
[3668/5172] 1102 room services -> 下载失败: HTTP 404
[3669/5172] 1102 special buses -> 下载失败: HTTP 404
[3671/5172] 1102 storage space -> 下载失败: HTTP 404
[3670/5172] 1102 special price -> 下载失败: HTTP 404
[3672/5172] 1102 stunning view -> 下载失败: HTTP 404
[3673/5172] 1102 traffic noise -> 下载失败: HTTP 404
[3674/5172] 1102 travel centre -> 下载失败: HTTP 404
[3675/5172] 1102 tropical zone -> 下载失败: HTTP 404
[3676/5172] 1102 wood of hazel -> 下载失败: HTTP 404
[3678/5172] 1102 classroom tour -> 下载失败: HTTP 404
[3680/5172] 1102 contact number -> 下载失败: HTTP 404
[3679/5172] 1102 coffee machine -> 下载失败: HTTP 404
[3681/5172] 1102 dinosaur bones -> 下载失败: HTTP 404
[3682/5172] 1102 express trains -> 下载失败: HTTP 404
[3683/5172] 1102 fitness centre -> 下载失败: HTTP 404
[3684/5172] 1102 formal clothes -> 下载失败: HTTP 404
[3685/5172] 1102 formal gardens -> 下载失败: HTTP 404
[3686/5172] 1102 handle animals -> 下载失败: HTTP 404
[3687/5172] 1102 heritage sites -> 下载失败: HTTP 404
[3688/5172] 1102 late afternoon -> 下载失败: HTTP 404
[3689/5172] 1102 local hero(es) -> 下载失败: HTTP 404
[3690/5172] 1102 marine animals -> 下载失败: HTTP 404
[3691/5172] 1102 marine history -> 下载失败: HTTP 404
[3692/5172] 1102 minimum period -> 下载失败: HTTP 404
[3693/5172] 1102 police offence -> 下载失败: HTTP 404
[3695/5172] 1102 single session -> 下载失败: HTTP 404
[3696/5172] 1102 steer the boat -> 下载失败: HTTP 404
[3698/5172] 1102 thick trousers -> 下载失败: HTTP 404
[3697/5172] 1102 tea and coffee -> 下载失败: HTTP 404
[3699/5172] 1102 trade journals -> 下载失败: HTTP 404
[3700/5172] 1102 traffic lights -> 下载失败: HTTP 404
[3702/5172] 1102 travel package -> 下载失败: HTTP 404
[3703/5172] 1102 visitor centre -> 下载失败: HTTP 404
[3704/5172] 1102 volunteer list -> 下载失败: HTTP 404
[3705/5172] 1102 academic record -> 下载失败: HTTP 404
[3707/5172] 1102 after formality -> 下载失败: HTTP 404
[3708/5172] 1102 ancient history -> 下载失败: HTTP 404
[3709/5172] 1102 attraction zone -> 下载失败: HTTP 404
[3710/5172] 1102 disabled people -> 下载失败: HTTP 404
[3711/5172] 1102 electric cooker -> 下载失败: HTTP 404
[3712/5172] 1102 english channel -> 下载失败: HTTP 404
[3713/5172] 1102 extended family -> 下载失败: HTTP 404
[3714/5172] 1102 food containers -> 下载失败: HTTP 404
[3715/5172] 1102 government fund -> 下载失败: HTTP 404
[3717/5172] 1102 interior design -> 下载失败: HTTP 404
[3716/5172] 1102 hospital comedy -> 下载失败: HTTP 404
[3718/5172] 1102 local community -> 下载失败: HTTP 404
[3719/5172] 1102 local residents -> 下载失败: HTTP 404
[3720/5172] 1102 luggage lockers -> 下载失败: HTTP 404
[3721/5172] 1102 meadow campsite -> 下载失败: HTTP 404
[3722/5172] 1102 night tour trip -> 下载失败: HTTP 404
[3723/5172] 1102 pretzel factory -> 下载失败: HTTP 404
[3724/5172] 1102 related project -> 下载失败: HTTP 404
[3725/5172] 1102 science fiction -> 下载失败: HTTP 404
[3726/5172] 1102 shuttle bus(es) -> 下载失败: HTTP 404
[3727/5172] 1102 special feature -> 下载失败: HTTP 404
[3728/5172] 1102 specific period -> 下载失败: HTTP 404
[3729/5172] 1102 stress level(s) -> 下载失败: HTTP 404
[3730/5172] 1102 training course -> 下载失败: HTTP 404
[3731/5172] 1102 troop exercises -> 下载失败: HTTP 404
[3732/5172] 1102 agriculture fair -> 下载失败: HTTP 404
[3733/5172] 1102 artificial light -> 下载失败: HTTP 404
[3734/5172] 1102 beach front view -> 下载失败: HTTP 404
[3735/5172] 1102 business courses -> 下载失败: HTTP 404
[3736/5172] 1102 cowboy show ride -> 下载失败: HTTP 404
[3737/5172] 1102 curriculum vitae -> 下载失败: HTTP 404
[3738/5172] 1102 emergency button -> 下载失败: HTTP 404
[3739/5172] 1102 fast line ticket -> 下载失败: HTTP 404
[3740/5172] 1102 fuel consumption -> 下载失败: HTTP 404
[3741/5172] 1102 herbal treatment -> 下载失败: HTTP 404
[3742/5172] 1102 horseback riding -> 下载失败: HTTP 404
[3743/5172] 1102 one-to-one coach -> 下载失败: HTTP 404
[3744/5172] 1102 practical theory -> 下载失败: HTTP 404
[3745/5172] 1102 residential area -> 下载失败: HTTP 404
[3747/5172] 1102 security officer -> 下载失败: HTTP 404
[3746/5172] 1102 sculpture garden -> 下载失败: HTTP 404
[3748/5172] 1102 sports equipment -> 下载失败: HTTP 404
[3749/5172] 1102 weather forecast -> 下载失败: HTTP 404
[3750/5172] 1102 animal protection -> 下载失败: HTTP 404
[3751/5172] 1102 bottle collection -> 下载失败: HTTP 404
[3753/5172] 1102 compulsory course -> 下载失败: HTTP 404
[3752/5172] 1102 business district -> 下载失败: HTTP 404
[3754/5172] 1102 european painting -> 下载失败: HTTP 404
[3755/5172] 1102 experience skills -> 下载失败: HTTP 404
[3757/5172] 1102 mineral resources -> 下载失败: HTTP 404
[3756/5172] 1102 member restaurant -> 下载失败: HTTP 404
[3758/5172] 1102 monthly magazines -> 下载失败: HTTP 404
[3759/5172] 1102 mountain climbing -> 下载失败: HTTP 404
[3760/5172] 1102 objective matters -> 下载失败: HTTP 404
[3762/5172] 1102 traffic violation -> 下载失败: HTTP 404
[3763/5172] 1102 unregistered taxi -> 下载失败: HTTP 404
[3761/5172] 1102 secondary project -> 下载失败: HTTP 404
[3764/5172] 1102 virtual volunteer -> 下载失败: HTTP 404
[3765/5172] 1102 weather observing -> 下载失败: HTTP 404
[3766/5172] 1102 well-known singer -> 下载失败: HTTP 404
[3768/5172] 1102 building materials -> 下载失败: HTTP 404
[3767/5172] 1102 wooden sculptures -> 下载失败: HTTP 404
[3769/5172] 1102 compulsory modules -> 下载失败: HTTP 404
[3770/5172] 1102 computer breakdown -> 下载失败: HTTP 404
[3771/5172] 1102 exhibitor entrance -> 下载失败: HTTP 404
[3772/5172] 1102 fashion exhibition -> 下载失败: HTTP 404
[3773/5172] 1102 introductory price -> 下载失败: HTTP 404
[3774/5172] 1102 practical elements -> 下载失败: HTTP 404
[3775/5172] 1102 professional model -> 下载失败: HTTP 404
[3777/5172] 1102 under-age children -> 下载失败: HTTP 404
[3776/5172] 1102 quarantine service -> 下载失败: HTTP 404
[3778/5172] 1102 english proficiency -> 下载失败: HTTP 404
[3779/5172] 1102 free transportation -> 下载失败: HTTP 404
[3780/5172] 1102 loss of instruments -> 下载失败: HTTP 404
[3781/5172] 1102 personal belongings -> 下载失败: HTTP 404
[3783/5172] 1102 adventure playground -> 下载失败: HTTP 404
[3782/5172] 1102 provisional licence -> 下载失败: HTTP 404
[3784/5172] 1102 class representative -> 下载失败: HTTP 404
[3785/5172] 1102 education facilities -> 下载失败: HTTP 404
[3786/5172] 1102 prepare refreshments -> 下载失败: HTTP 404
[3787/5172] 1102 regional competition -> 下载失败: HTTP 404
[3788/5172] 1102 signed delivery note -> 下载失败: HTTP 404
[3789/5172] 1102 clothes manufacturing -> 下载失败: HTTP 404
[3790/5172] 1102 historical exhibition -> 下载失败: HTTP 404
[3791/5172] 1102 historical photograph -> 下载失败: HTTP 404
[3792/5172] 1102 supportive atmosphere -> 下载失败: HTTP 404
[3793/5172] 1102 water colour painting -> 下载失败: HTTP 404
[3794/5172] 1102 administration officer -> 下载失败: HTTP 404
[3795/5172] 1102 professional knowledge -> 下载失败: HTTP 404
[3796/5172] 1102 tent(ed) accommodation -> 下载失败: HTTP 404
[3797/5172] 1102 unaccompanied children -> 下载失败: HTTP 404
[3798/5172] 1102 unappealing appearance -> 下载失败: HTTP 404
[3799/5172] 1102 good washing facilities -> 下载失败: HTTP 404
[3800/5172] 1102 family-fast-line track ticket -> 下载失败: HTTP 404

[3425/5172] 1102 rural -> 下载完成 (尝试 1 次)
[3426/5172] 1102 torch -> 下载完成 (尝试 1 次)
[3423/5172] 1102 lorry -> 下载完成 (尝试 1 次)
[3424/5172] 1102 maths -> 下载完成 (尝试 1 次)
[3427/5172] 1102 towel -> 下载完成 (尝试 1 次)
[3428/5172] 1102 trash -> 下载完成 (尝试 1 次)
[3433/5172] 1102 funnel -> 下载完成 (尝试 1 次)
[3429/5172] 1102 all-in -> 下载完成 (尝试 1 次)
[3431/5172] 1102 budget -> 下载完成 (尝试 1 次)
[3432/5172] 1102 format -> 下载完成 (尝试 1 次)
[3430/5172] 1102 bakery -> 下载完成 (尝试 1 次)
[3434/5172] 1102 hedges -> 下载完成 (尝试 1 次)
[3435/5172] 1102 hostel -> 下载完成 (尝试 1 次)
[3438/5172] 1102 luxury -> 下载完成 (尝试 1 次)
[3437/5172] 1102 layout -> 下载完成 (尝试 1 次)
[3439/5172] 1102 meadow -> 下载完成 (尝试 1 次)
[3436/5172] 1102 labels -> 下载完成 (尝试 1 次)
[3442/5172] 1102 option -> 下载完成 (尝试 1 次)
[3441/5172] 1102 module -> 下载完成 (尝试 1 次)
[3440/5172] 1102 modify -> 下载完成 (尝试 1 次)
[3444/5172] 1102 region -> 下载完成 (尝试 1 次)
[3445/5172] 1102 scheme -> 下载完成 (尝试 1 次)
[3443/5172] 1102 rabbit -> 下载完成 (尝试 1 次)
[3446/5172] 1102 stream -> 下载完成 (尝试 1 次)
[3448/5172] 1102 warden -> 下载完成 (尝试 1 次)
[3447/5172] 1102 trails -> 下载完成 (尝试 1 次)
[3450/5172] 1102 aerobic -> 下载完成 (尝试 1 次)
[3449/5172] 1102 adviser -> 下载完成 (尝试 1 次)
[3451/5172] 1102 biscuit -> 下载完成 (尝试 1 次)
[3452/5172] 1102 calorie -> 下载完成 (尝试 1 次)
[3454/5172] 1102 dustbin -> 下载完成 (尝试 1 次)
[3453/5172] 1102 cookery -> 下载完成 (尝试 1 次)
[3455/5172] 1102 fernery -> 下载完成 (尝试 1 次)
[3456/5172] 1102 ferries -> 下载完成 (尝试 1 次)
[3458/5172] 1102 garbage -> 下载完成 (尝试 1 次)
[3457/5172] 1102 fortune -> 下载完成 (尝试 1 次)
[3460/5172] 1102 lock-up -> 下载完成 (尝试 1 次)
[3459/5172] 1102 habitat -> 下载完成 (尝试 1 次)
[3463/5172] 1102 vetting -> 下载完成 (尝试 1 次)
[3461/5172] 1102 reptile -> 下载完成 (尝试 1 次)
[3462/5172] 1102 vehicle -> 下载完成 (尝试 1 次)
[3464/5172] 1102 visible -> 下载完成 (尝试 1 次)
[3465/5172] 1102 altitude -> 下载完成 (尝试 1 次)
[3466/5172] 1102 boundary -> 下载完成 (尝试 1 次)
[3468/5172] 1102 constant -> 下载完成 (尝试 1 次)
[3467/5172] 1102 circular -> 下载完成 (尝试 1 次)
[3469/5172] 1102 eggplant -> 下载完成 (尝试 1 次)
[3470/5172] 1102 flamingo -> 下载完成 (尝试 1 次)
[3471/5172] 1102 flooding -> 下载完成 (尝试 1 次)
[3472/5172] 1102 grateful -> 下载完成 (尝试 1 次)
[3477/5172] 1102 minority -> 下载完成 (尝试 1 次)
[3478/5172] 1102 nitrogen -> 下载完成 (尝试 1 次)
[3479/5172] 1102 off-peak -> 下载完成 (尝试 1 次)
[3480/5172] 1102 overfill -> 下载完成 (尝试 1 次)
[3475/5172] 1102 hothouse -> 下载完成 (尝试 1 次)
[3476/5172] 1102 medieval -> 下载完成 (尝试 1 次)
[3481/5172] 1102 overview -> 下载完成 (尝试 1 次)
[3482/5172] 1102 pavement -> 下载完成 (尝试 1 次)
[3483/5172] 1102 proposal -> 下载完成 (尝试 1 次)
[3484/5172] 1102 tropical -> 下载完成 (尝试 1 次)
[3487/5172] 1102 authority -> 下载完成 (尝试 1 次)
[3485/5172] 1102 wildlife -> 下载完成 (尝试 1 次)
[3488/5172] 1102 avoidance -> 下载完成 (尝试 1 次)
[3491/5172] 1102 cranberry -> 下载完成 (尝试 1 次)
[3490/5172] 1102 committee -> 下载完成 (尝试 1 次)
[3493/5172] 1102 fantastic -> 下载完成 (尝试 1 次)
[3492/5172] 1102 digestive -> 下载完成 (尝试 1 次)
[3494/5172] 1102 gardeners -> 下载完成 (尝试 1 次)
[3497/5172] 1102 miniature -> 下载完成 (尝试 1 次)
[3496/5172] 1102 highlight -> 下载完成 (尝试 1 次)
[3499/5172] 1102 nutrition -> 下载完成 (尝试 1 次)
[3500/5172] 1102 petitions -> 下载完成 (尝试 1 次)
[3501/5172] 1102 phonebook -> 下载完成 (尝试 1 次)
[3503/5172] 1102 promenade -> 下载完成 (尝试 1 次)
[3502/5172] 1102 procedure -> 下载完成 (尝试 1 次)
[3504/5172] 1102 promotion -> 下载完成 (尝试 1 次)
[3506/5172] 1102 souvenirs -> 下载完成 (尝试 1 次)
[3505/5172] 1102 shellfish -> 下载完成 (尝试 1 次)
[3508/5172] 1102 territory -> 下载完成 (尝试 1 次)
[3514/5172] 1102 assignment -> 下载完成 (尝试 1 次)
[3515/5172] 1102 assortment -> 下载完成 (尝试 1 次)
[3513/5172] 1102 aspiration -> 下载完成 (尝试 1 次)
[3522/5172] 1102 congestion -> 下载完成 (尝试 1 次)
[3523/5172] 1102 coursework -> 下载完成 (尝试 1 次)
[3526/5172] 1102 disastrous -> 下载完成 (尝试 1 次)
[3527/5172] 1102 expedition -> 下载完成 (尝试 1 次)
[3528/5172] 1102 fertiliser -> 下载完成 (尝试 1 次)
[3535/5172] 1102 hovercraft -> 下载完成 (尝试 1 次)
[3537/5172] 1102 monogamous -> 下载完成 (尝试 1 次)
[3539/5172] 1102 noticeable -> 下载完成 (尝试 1 次)
[3540/5172] 1102 occasional -> 下载完成 (尝试 1 次)
[3544/5172] 1102 parliament -> 下载完成 (尝试 1 次)
[3546/5172] 1102 rendezvous -> 下载完成 (尝试 1 次)
[3548/5172] 1102 roadworthy -> 下载完成 (尝试 1 次)
[3552/5172] 1102 supplement -> 下载完成 (尝试 1 次)
[3553/5172] 1102 supportive -> 下载完成 (尝试 1 次)
[3557/5172] 1102 vegetation -> 下载完成 (尝试 1 次)
[3558/5172] 1102 visibility -> 下载完成 (尝试 1 次)
[3559/5172] 1102 water-ride -> 下载完成 (尝试 1 次)
[3561/5172] 1102 alternative -> 下载完成 (尝试 1 次)
[3564/5172] 1102 archaeology -> 下载完成 (尝试 1 次)
[3563/5172] 1102 anniversary -> 下载完成 (尝试 1 次)
[3568/5172] 1102 calligraphy -> 下载完成 (尝试 1 次)
[3573/5172] 1102 comfortable -> 下载完成 (尝试 1 次)
[3574/5172] 1102 corrections -> 下载完成 (尝试 1 次)
[3575/5172] 1102 documentary -> 下载完成 (尝试 1 次)
[3578/5172] 1102 fascinating -> 下载完成 (尝试 1 次)
[3588/5172] 1102 newsagent's -> 下载完成 (尝试 1 次)
[3592/5172] 1102 restriction -> 下载完成 (尝试 1 次)
[3595/5172] 1102 theoretical -> 下载完成 (尝试 1 次)
[3607/5172] 1102 destinations -> 下载完成 (尝试 1 次)
[3616/5172] 1102 hard-working -> 下载完成 (尝试 1 次)
[3618/5172] 1102 irrespective -> 下载完成 (尝试 1 次)
[3625/5172] 1102 preservation -> 下载完成 (尝试 1 次)
[3632/5172] 1102 subcommittee -> 下载完成 (尝试 1 次)
[3658/5172] 1102 inconvenience -> 下载完成 (尝试 1 次)
[3666/5172] 1102 rollercoaster -> 下载完成 (尝试 1 次)
[3677/5172] 1102 classification -> 下载完成 (尝试 1 次)
[3694/5172] 1102 self-cafeteria -> 下载完成 (尝试 1 次)
[3701/5172] 1102 transformation -> 下载完成 (尝试 1 次)
[3706/5172] 1102 acknowledgement -> 下载完成 (尝试 1 次)
[3801/5172] 1103 ink -> 下载完成 (尝试 1 次)
[3802/5172] 1103 hive -> 下载完成 (尝试 1 次)
[3804/5172] 1103 pit(s) -> 下载完成 (尝试 1 次)
[3803/5172] 1103 nest -> 下载完成 (尝试 1 次)
[3805/5172] 1103 awful -> 下载完成 (尝试 1 次)
[3807/5172] 1103 harsh -> 下载完成 (尝试 1 次)
[3808/5172] 1103 ideal -> 下载完成 (尝试 1 次)
[3809/5172] 1103 straw -> 下载完成 (尝试 1 次)
[3810/5172] 1103 annual -> 下载完成 (尝试 1 次)
[3811/5172] 1103 ascent -> 下载完成 (尝试 1 次)
[3812/5172] 1103 fabric -> 下载完成 (尝试 1 次)
[3813/5172] 1103 hammer -> 下载完成 (尝试 1 次)
[3814/5172] 1103 mating -> 下载完成 (尝试 1 次)
[3806/5172] 1103 fuels -> 下载完成 (尝试 1 次)
[3816/5172] 1103 pigeon -> 下载完成 (尝试 1 次)
[3815/5172] 1103 novice -> 下载完成 (尝试 1 次)
[3817/5172] 1103 robust -> 下载完成 (尝试 1 次)
[3818/5172] 1103 sample -> 下载完成 (尝试 1 次)
[3819/5172] 1103 stable -> 下载完成 (尝试 1 次)
[3820/5172] 1103 status -> 下载完成 (尝试 1 次)
[3823/5172] 1103 traits -> 下载完成 (尝试 1 次)
[3822/5172] 1103 summit -> 下载完成 (尝试 1 次)
[3824/5172] 1103 visual -> 下载完成 (尝试 1 次)[3852/5172] 1103 open day -> 下载失败: HTTP 404
[3856/5172] 1103 safe car -> 下载失败: HTTP 404
[3868/5172] 1103 book loan -> 下载失败: HTTP 404
[3876/5172] 1103 food pest -> 下载失败: HTTP 404
[3885/5172] 1103 power cut -> 下载失败: HTTP 404
[3896/5172] 1103 chat rooms -> 下载失败: HTTP 404
[3897/5172] 1103 coffee bar -> 下载失败: HTTP 404
[3902/5172] 1103 dress code -> 下载失败: HTTP 404
[3905/5172] 1103 extra time -> 下载失败: HTTP 404
[3907/5172] 1103 food chain -> 下载失败: HTTP 404
[3916/5172] 1103 school gym -> 下载失败: HTTP 404
[3918/5172] 1103 wood curve -> 下载失败: HTTP 404
[3919/5172] 1103 word limit -> 下载失败: HTTP 404
[3921/5172] 1103 brief notes -> 下载失败: HTTP 404
[3930/5172] 1103 good effort -> 下载失败: HTTP 404
[3932/5172] 1103 ground plan -> 下载失败: HTTP 404
[3931/5172] 1103 gradual way -> 下载失败: HTTP 404
[3934/5172] 1103 higher cost -> 下载失败: HTTP 404
[3935/5172] 1103 higher fees -> 下载失败: HTTP 404
[3940/5172] 1103 less oxygen -> 下载失败: HTTP 404
[3943/5172] 1103 model guide -> 下载失败: HTTP 404
[3945/5172] 1103 poor paying -> 下载失败: HTTP 404
[3948/5172] 1103 similar age -> 下载失败: HTTP 404
[3950/5172] 1103 solar panel -> 下载失败: HTTP 404
[3949/5172] 1103 soil sample -> 下载失败: HTTP 404
[3952/5172] 1103 visual aids -> 下载失败: HTTP 404
[3954/5172] 1103 cash machine -> 下载失败: HTTP 404
[3958/5172] 1103 extra height -> 下载失败: HTTP 404
[3960/5172] 1103 flour outlet -> 下载失败: HTTP 404
[3959/5172] 1103 eye contacts -> 下载失败: HTTP 404
[3961/5172] 1103 lack of soil -> 下载失败: HTTP 404
[3962/5172] 1103 life science -> 下载失败: HTTP 404
[3963/5172] 1103 online forum -> 下载失败: HTTP 404
[3966/5172] 1103 shop display -> 下载失败: HTTP 404
[3967/5172] 1103 sports shoes -> 下载失败: HTTP 404
[3968/5172] 1103 stress level -> 下载失败: HTTP 404
[3970/5172] 1103 video camera -> 下载失败: HTTP 404
[3969/5172] 1103 test results -> 下载失败: HTTP 404
[3971/5172] 1103 accurate date -> 下载失败: HTTP 404
[3974/5172] 1103 current study -> 下载失败: HTTP 404
[3975/5172] 1103 data analysis -> 下载失败: HTTP 404
[3976/5172] 1103 food shortage -> 下载失败: HTTP 404
[3977/5172] 1103 global access -> 下载失败: HTTP 404
[3978/5172] 1103 identity card -> 下载失败: HTTP 404
[3979/5172] 1103 local faculty -> 下载失败: HTTP 404
[3981/5172] 1103 marine desert -> 下载失败: HTTP 404
[3982/5172] 1103 media studies -> 下载失败: HTTP 404
[3984/5172] 1103 team building -> 下载失败: HTTP 404
[3985/5172] 1103 uniform level -> 下载失败: HTTP 404
[3987/5172] 1103 working style -> 下载失败: HTTP 404
[3988/5172] 1103 active volcano -> 下载失败: HTTP 404
[3989/5172] 1103 blood pressure -> 下载失败: HTTP 404
[3990/5172] 1103 book allowance -> 下载失败: HTTP 404
[3991/5172] 1103 braking system -> 下载失败: HTTP 404
[3992/5172] 1103 card catalogue -> 下载失败: HTTP 404
[3994/5172] 1103 creative ideas -> 下载失败: HTTP 404
[3995/5172] 1103 farming method -> 下载失败: HTTP 404
[3997/5172] 1103 fossil remains -> 下载失败: HTTP 404
[3998/5172] 1103 lab facilities -> 下载失败: HTTP 404
[3996/5172] 1103 financial aids -> 下载失败: HTTP 404
[3999/5172] 1103 listening task -> 下载失败: HTTP 404
[4001/5172] 1103 nuclear plants -> 下载失败: HTTP 404
[4000/5172] 1103 medical skills -> 下载失败: HTTP 404
[4003/5172] 1103 placement test -> 下载失败: HTTP 404
[4002/5172] 1103 numeracy skill -> 下载失败: HTTP 404
[4004/5172] 1103 plastic bottle -> 下载失败: HTTP 404
[4005/5172] 1103 reflect tastes -> 下载失败: HTTP 404
[4006/5172] 1103 residence hall -> 下载失败: HTTP 404
[4007/5172] 1103 senior adviser -> 下载失败: HTTP 404
[4008/5172] 1103 social reforms -> 下载失败: HTTP 404
[4010/5172] 1103 teaching staff -> 下载失败: HTTP 404
[4009/5172] 1103 survey methods -> 下载失败: HTTP 404
[4011/5172] 1103 text structure -> 下载失败: HTTP 404
[4012/5172] 1103 video approach -> 下载失败: HTTP 404
[4013/5172] 1103 abstract design -> 下载失败: HTTP 404
[4014/5172] 1103 art institution -> 下载失败: HTTP 404
[4015/5172] 1103 audio recording -> 下载失败: HTTP 404
[4017/5172] 1103 computer skills -> 下载失败: HTTP 404
[4016/5172] 1103 computer office -> 下载失败: HTTP 404
[4018/5172] 1103 council meeting -> 下载失败: HTTP 404
[4019/5172] 1103 department head -> 下载失败: HTTP 404
[4020/5172] 1103 digital history -> 下载失败: HTTP 404
[4021/5172] 1103 engine capacity -> 下载失败: HTTP 404
[4023/5172] 1103 field of vision -> 下载失败: HTTP 404
[4022/5172] 1103 extinct volcano -> 下载失败: HTTP 404
[4024/5172] 1103 full-time study -> 下载失败: HTTP 404
[4025/5172] 1103 greater utility -> 下载失败: HTTP 404
[4026/5172] 1103 housing project -> 下载失败: HTTP 404
[4027/5172] 1103 late submission -> 下载失败: HTTP 404
[4029/5172] 1103 living expenses -> 下载失败: HTTP 404
[4028/5172] 1103 laundry service -> 下载失败: HTTP 404
[4030/5172] 1103 local community -> 下载失败: HTTP 404
[4031/5172] 1103 natural ability -> 下载失败: HTTP 404
[4032/5172] 1103 optional course -> 下载失败: HTTP 404
[4033/5172] 1103 picture framing -> 下载失败: HTTP 404
[4035/5172] 1103 school stadiums -> 下载失败: HTTP 404
[4034/5172] 1103 research method -> 下载失败: HTTP 404
[4036/5172] 1103 scientific term -> 下载失败: HTTP 404
[4037/5172] 1103 self-access lab -> 下载失败: HTTP 404
[4038/5172] 1103 show off status -> 下载失败: HTTP 404
[4039/5172] 1103 standard format -> 下载失败: HTTP 404
[4040/5172] 1103 video recording -> 下载失败: HTTP 404
[4041/5172] 1103 visual guidance -> 下载失败: HTTP 404
[4042/5172] 1103 weaker students -> 下载失败: HTTP 404
[4043/5172] 1103 company premises -> 下载失败: HTTP 404
[4044/5172] 1103 current material -> 下载失败: HTTP 404
[4045/5172] 1103 economic purpose -> 下载失败: HTTP 404
[4046/5172] 1103 exam preparation -> 下载失败: HTTP 404
[4047/5172] 1103 global listening -> 下载失败: HTTP 404
[4048/5172] 1103 history research -> 下载失败: HTTP 404
[4049/5172] 1103 interview method -> 下载失败: HTTP 404
[4050/5172] 1103 lack of research -> 下载失败: HTTP 404
[4051/5172] 1103 leadership skill -> 下载失败: HTTP 404
[4053/5172] 1103 middle term test -> 下载失败: HTTP 404
[4052/5172] 1103 medicine science -> 下载失败: HTTP 404
[4054/5172] 1103 personal service -> 下载失败: HTTP 404
[4055/5172] 1103 photo statistics -> 下载失败: HTTP 404
[4056/5172] 1103 photocopy office -> 下载失败: HTTP 404
[4057/5172] 1103 planning meeting -> 下载失败: HTTP 404
[4059/5172] 1103 renewable energy -> 下载失败: HTTP 404
[4058/5172] 1103 reference letter -> 下载失败: HTTP 404
[4060/5172] 1103 seating capacity -> 下载失败: HTTP 404
[4062/5172] 1103 stage production -> 下载失败: HTTP 404
[4061/5172] 1103 seed germination -> 下载失败: HTTP 404
[4063/5172] 1103 story conference -> 下载失败: HTTP 404
[4064/5172] 1103 unexpected noise -> 下载失败: HTTP 404
[4065/5172] 1103 videotape editor -> 下载失败: HTTP 404
[4066/5172] 1103 borrowed language -> 下载失败: HTTP 404
[4067/5172] 1103 budget management -> 下载失败: HTTP 404
[4068/5172] 1103 childish language -> 下载失败: HTTP 404
[4069/5172] 1103 cleaning products -> 下载失败: HTTP 404
[4070/5172] 1103 colours and fonts -> 下载失败: HTTP 404
[4071/5172] 1103 compulsory course -> 下载失败: HTTP 404
[4072/5172] 1103 conference report -> 下载失败: HTTP 404
[4073/5172] 1103 cost of insurance -> 下载失败: HTTP 404
[4074/5172] 1103 crisis management -> 下载失败: HTTP 404
[4077/5172] 1103 job opportunities -> 下载失败: HTTP 404
[4076/5172] 1103 fill in worksheet -> 下载失败: HTTP 404
[4075/5172] 1103 drinking machines -> 下载失败: HTTP 404
[4078/5172] 1103 knowledge sharing -> 下载失败: HTTP 404
[4079/5172] 1103 natural resources -> 下载失败: HTTP 404
[4080/5172] 1103 objective matters -> 下载失败: HTTP 404
[4083/5172] 1103 permanent records -> 下载失败: HTTP 404
[4081/5172] 1103 overseas training -> 下载失败: HTTP 404
[4082/5172] 1103 packing materials -> 下载失败: HTTP 404
[4084/5172] 1103 personal identity -> 下载失败: HTTP 404
[4085/5172] 1103 personal interest -> 下载失败: HTTP 404
[4086/5172] 1103 preserve memories -> 下载失败: HTTP 404
[4087/5172] 1103 sports activities -> 下载失败: HTTP 404
[4088/5172] 1103 storage warehouse -> 下载失败: HTTP 404
[4089/5172] 1103 background reading -> 下载失败: HTTP 404
[4091/5172] 1103 destination desert -> 下载失败: HTTP 404
[4092/5172] 1103 essential training -> 下载失败: HTTP 404
[4093/5172] 1103 financial planning -> 下载失败: HTTP 404
[4095/5172] 1103 human interference -> 下载失败: HTTP 404
[4094/5172] 1103 finding investment -> 下载失败: HTTP 404
[4096/5172] 1103 largest proportion -> 下载失败: HTTP 404
[4097/5172] 1103 leisure activities -> 下载失败: HTTP 404
[4098/5172] 1103 original jewellery -> 下载失败: HTTP 404
[4099/5172] 1103 program assessment -> 下载失败: HTTP 404
[4100/5172] 1103 social information -> 下载失败: HTTP 404
[4101/5172] 1103 business journalism -> 下载失败: HTTP 404
[4102/5172] 1103 community reference -> 下载失败: HTTP 404
[4103/5172] 1103 confidence building -> 下载失败: HTTP 404
[4104/5172] 1103 flexible study time -> 下载失败: HTTP 404
[4105/5172] 1103 flexible-time study -> 下载失败: HTTP 404
[4106/5172] 1103 in-class simulation -> 下载失败: HTTP 404
[4107/5172] 1103 interview questions -> 下载失败: HTTP 404
[4108/5172] 1103 material background -> 下载失败: HTTP 404
[4109/5172] 1103 measuring equipment -> 下载失败: HTTP 404
[4110/5172] 1103 monitoring progress -> 下载失败: HTTP 404
[4111/5172] 1103 population movement -> 下载失败: HTTP 404
[4112/5172] 1103 practical knowledge -> 下载失败: HTTP 404
[4113/5172] 1103 social interactions -> 下载失败: HTTP 404
[4116/5172] 1103 conflicting opinions -> 下载失败: HTTP 404
[4115/5172] 1103 communication system -> 下载失败: HTTP 404
[4114/5172] 1103 academic performance -> 下载失败: HTTP 404
[4117/5172] 1103 electronic directory -> 下载失败: HTTP 404
[4118/5172] 1103 environmental damage -> 下载失败: HTTP 404
[4119/5172] 1103 environmental issues -> 下载失败: HTTP 404
[4121/5172] 1103 insufficient revenue -> 下载失败: HTTP 404
[4122/5172] 1103 internet connections -> 下载失败: HTTP 404
[4120/5172] 1103 household appliances -> 下载失败: HTTP 404
[4123/5172] 1103 job responsibilities -> 下载失败: HTTP 404
[4124/5172] 1103 management of change -> 下载失败: HTTP 404
[4125/5172] 1103 natural routine work -> 下载失败: HTTP 404
[4126/5172] 1103 no chemical reaction -> 下载失败: HTTP 404
[4127/5172] 1103 traditional resource -> 下载失败: HTTP 404
[4128/5172] 1103 unanswered questions -> 下载失败: HTTP 404
[4129/5172] 1103 accessible discussion -> 下载失败: HTTP 404
[4130/5172] 1103 customer relationship -> 下载失败: HTTP 404
[4131/5172] 1103 external organisation -> 下载失败: HTTP 404
[4132/5172] 1103 information resources -> 下载失败: HTTP 404
[4134/5172] 1103 observation checklist -> 下载失败: HTTP 404
[4133/5172] 1103 lack of participation -> 下载失败: HTTP 404
[4135/5172] 1103 past course materials -> 下载失败: HTTP 404
[4136/5172] 1103 professional learning -> 下载失败: HTTP 404
[4137/5172] 1103 supportive atmosphere -> 下载失败: HTTP 404
[4140/5172] 1103 non-observation method -> 下载失败: HTTP 404
[4139/5172] 1103 group discussion marks -> 下载失败: HTTP 404
[4138/5172] 1103 environmental projects -> 下载失败: HTTP 404
[4141/5172] 1103 commercial applications -> 下载失败: HTTP 404
[4142/5172] 1103 secretary of department -> 下载失败: HTTP 404
[4143/5172] 1103 international reputation -> 下载失败: HTTP 404
[4145/5172] 1103 small electric equipment -> 下载失败: HTTP 404
[4146/5172] 1103 university support staff -> 下载失败: HTTP 404
[4144/5172] 1103 networking opportunities -> 下载失败: HTTP 404
[4147/5172] 1103 unbalanced skill improvements -> 下载失败: HTTP 404

[3821/5172] 1103 stormy -> 下载完成 (尝试 1 次)
[3825/5172] 1103 weight -> 下载完成 (尝试 1 次)
[3827/5172] 1103 debtors -> 下载完成 (尝试 1 次)
[3830/5172] 1103 farming -> 下载完成 (尝试 1 次)
[3826/5172] 1103 anatomy -> 下载完成 (尝试 1 次)
[3828/5172] 1103 diploma -> 下载完成 (尝试 1 次)
[3829/5172] 1103 envious -> 下载完成 (尝试 1 次)
[3831/5172] 1103 funding -> 下载完成 (尝试 1 次)
[3833/5172] 1103 hormone -> 下载完成 (尝试 1 次)
[3834/5172] 1103 journal -> 下载完成 (尝试 1 次)
[3832/5172] 1103 heroine -> 下载完成 (尝试 1 次)
[3835/5172] 1103 justice -> 下载完成 (尝试 1 次)
[3836/5172] 1103 profile -> 下载完成 (尝试 1 次)
[3840/5172] 1103 sawdust -> 下载完成 (尝试 1 次)
[3839/5172] 1103 rivalry -> 下载完成 (尝试 1 次)
[3841/5172] 1103 sibling -> 下载完成 (尝试 1 次)
[3838/5172] 1103 referee -> 下载完成 (尝试 1 次)
[3837/5172] 1103 rangers -> 下载完成 (尝试 1 次)
[3842/5172] 1103 village -> 下载完成 (尝试 1 次)
[3843/5172] 1103 accurate -> 下载完成 (尝试 1 次)
[3844/5172] 1103 annoying -> 下载完成 (尝试 1 次)
[3846/5172] 1103 darkroom -> 下载完成 (尝试 1 次)
[3845/5172] 1103 coverage -> 下载完成 (尝试 1 次)
[3847/5172] 1103 episodic -> 下载完成 (尝试 1 次)
[3848/5172] 1103 firewood -> 下载完成 (尝试 1 次)
[3851/5172] 1103 guardian -> 下载完成 (尝试 1 次)
[3849/5172] 1103 forestry -> 下载完成 (尝试 1 次)
[3850/5172] 1103 graphics -> 下载完成 (尝试 1 次)
[3854/5172] 1103 relevant -> 下载完成 (尝试 1 次)
[3855/5172] 1103 reliance -> 下载完成 (尝试 1 次)
[3853/5172] 1103 priority -> 下载完成 (尝试 1 次)
[3857/5172] 1103 semantic -> 下载完成 (尝试 1 次)
[3858/5172] 1103 sociable -> 下载完成 (尝试 1 次)
[3859/5172] 1103 specimen -> 下载完成 (尝试 1 次)
[3860/5172] 1103 squirrel -> 下载完成 (尝试 1 次)
[3862/5172] 1103 syndrome -> 下载完成 (尝试 1 次)
[3861/5172] 1103 strategy -> 下载完成 (尝试 1 次)
[3863/5172] 1103 tourists -> 下载完成 (尝试 1 次)
[3864/5172] 1103 upheaval -> 下载完成 (尝试 1 次)
[3867/5172] 1103 adaptable -> 下载完成 (尝试 1 次)
[3866/5172] 1103 workload -> 下载完成 (尝试 1 次)
[3869/5172] 1103 chemicals -> 下载完成 (尝试 1 次)
[3865/5172] 1103 versions -> 下载完成 (尝试 1 次)
[3870/5172] 1103 cognitive -> 下载完成 (尝试 1 次)
[3871/5172] 1103 consensus -> 下载完成 (尝试 1 次)
[3872/5172] 1103 craftwork -> 下载完成 (尝试 1 次)
[3873/5172] 1103 dimension -> 下载完成 (尝试 1 次)
[3875/5172] 1103 emotional -> 下载完成 (尝试 1 次)
[3874/5172] 1103 ecosystem -> 下载完成 (尝试 1 次)
[3878/5172] 1103 incubator -> 下载完成 (尝试 1 次)
[3880/5172] 1103 objective -> 下载完成 (尝试 1 次)
[3881/5172] 1103 occupants -> 下载完成 (尝试 1 次)
[3879/5172] 1103 nightmare -> 下载完成 (尝试 1 次)
[3877/5172] 1103 inclusion -> 下载完成 (尝试 1 次)
[3882/5172] 1103 pesticide -> 下载完成 (尝试 1 次)
[3887/5172] 1103 processes -> 下载完成 (尝试 1 次)
[3886/5172] 1103 precision -> 下载完成 (尝试 1 次)
[3884/5172] 1103 potential -> 下载完成 (尝试 1 次)
[3888/5172] 1103 regulator -> 下载完成 (尝试 1 次)
[3883/5172] 1103 portfolio -> 下载完成 (尝试 1 次)
[3893/5172] 1103 amusements -> 下载完成 (尝试 1 次)
[3890/5172] 1103 voluntary -> 下载完成 (尝试 1 次)
[3892/5172] 1103 adaptation -> 下载完成 (尝试 1 次)
[3891/5172] 1103 workforce -> 下载完成 (尝试 1 次)
[3894/5172] 1103 appendices -> 下载完成 (尝试 1 次)
[3889/5172] 1103 sensitive -> 下载完成 (尝试 1 次)
[3900/5172] 1103 discipline -> 下载完成 (尝试 1 次)
[3899/5172] 1103 confidence -> 下载完成 (尝试 1 次)
[3895/5172] 1103 attachment -> 下载完成 (尝试 1 次)
[3898/5172] 1103 commitment -> 下载完成 (尝试 1 次)
[3901/5172] 1103 dismissive -> 下载完成 (尝试 1 次)
[3904/5172] 1103 evaluation -> 下载完成 (尝试 1 次)
[3903/5172] 1103 editorials -> 下载完成 (尝试 1 次)
[3906/5172] 1103 fireplaces -> 下载完成 (尝试 1 次)
[3908/5172] 1103 internship -> 下载完成 (尝试 1 次)
[3909/5172] 1103 literature -> 下载完成 (尝试 1 次)
[3910/5172] 1103 misleading -> 下载完成 (尝试 1 次)
[3912/5172] 1103 proportion -> 下载完成 (尝试 1 次)
[3911/5172] 1103 networkers -> 下载完成 (尝试 1 次)
[3913/5172] 1103 quotations -> 下载完成 (尝试 1 次)
[3914/5172] 1103 reflective -> 下载完成 (尝试 1 次)
[3915/5172] 1103 ridiculous -> 下载完成 (尝试 1 次)
[3917/5172] 1103 simulation -> 下载完成 (尝试 1 次)
[3920/5172] 1103 assumptions -> 下载完成 (尝试 1 次)
[3923/5172] 1103 connectives -> 下载完成 (尝试 1 次)
[3922/5172] 1103 competitors -> 下载完成 (尝试 1 次)
[3924/5172] 1103 controversy -> 下载完成 (尝试 1 次)
[3925/5172] 1103 counterpart -> 下载完成 (尝试 1 次)
[3927/5172] 1103 evaporation -> 下载完成 (尝试 1 次)
[3926/5172] 1103 distracting -> 下载完成 (尝试 1 次)
[3928/5172] 1103 feasibility -> 下载完成 (尝试 1 次)
[3929/5172] 1103 flexibility -> 下载完成 (尝试 1 次)
[3933/5172] 1103 hibernation -> 下载完成 (尝试 1 次)
[3936/5172] 1103 implication -> 下载完成 (尝试 1 次)
[3937/5172] 1103 informality -> 下载完成 (尝试 1 次)
[3938/5172] 1103 informative -> 下载完成 (尝试 1 次)
[3942/5172] 1103 measurement -> 下载完成 (尝试 1 次)
[3939/5172] 1103 journalists -> 下载完成 (尝试 1 次)
[3941/5172] 1103 limitations -> 下载完成 (尝试 1 次)
[3944/5172] 1103 originality -> 下载完成 (尝试 1 次)
[3946/5172] 1103 publication -> 下载完成 (尝试 1 次)
[3947/5172] 1103 respondents -> 下载完成 (尝试 1 次)
[3951/5172] 1103 stereotypes -> 下载完成 (尝试 1 次)
[3953/5172] 1103 adaptability -> 下载完成 (尝试 1 次)
[3955/5172] 1103 component(s) -> 下载完成 (尝试 1 次)
[3956/5172] 1103 conservation -> 下载完成 (尝试 1 次)
[3957/5172] 1103 evolutionary -> 下载完成 (尝试 1 次)
[3964/5172] 1103 recreational -> 下载完成 (尝试 1 次)
[3965/5172] 1103 satisfaction -> 下载完成 (尝试 1 次)
[3972/5172] 1103 chronological -> 下载完成 (尝试 1 次)
[3973/5172] 1103 collaborative -> 下载完成 (尝试 1 次)
[3980/5172] 1103 manufacturers -> 下载完成 (尝试 1 次)
[3983/5172] 1103 refrigeration -> 下载完成 (尝试 1 次)
[3986/5172] 1103 verbalisation -> 下载完成 (尝试 1 次)
[3993/5172] 1103 cardiovascular -> 下载完成 (尝试 1 次)
[4090/5172] 1103 coverage-lettering -> 下载完成 (尝试 1 次)
[4149/5172] 1104 lid -> 下载完成 (尝试 1 次)
[4148/5172] 1104 cv -> 下载完成 (尝试 1 次)
[4150/5172] 1104 set -> 下载完成 (尝试 1 次)
[4151/5172] 1104 gap -> 下载完成 (尝试 1 次)
[4152/5172] 1104 jar -> 下载完成 (尝试 1 次)
[4153/5172] 1104 pan -> 下载完成 (尝试 1 次)
[4154/5172] 1104 vet -> 下载完成 (尝试 1 次)
[4155/5172] 1104 fog -> 下载完成 (尝试 1 次)
[4157/5172] 1104 tag -> 下载完成 (尝试 1 次)
[4156/5172] 1104 oak -> 下载完成 (尝试 1 次)
[4159/5172] 1104 bog -> 下载完成 (尝试 1 次)
[4158/5172] 1104 row -> 下载完成 (尝试 1 次)
[4160/5172] 1104 gel -> 下载完成 (尝试 1 次)
[4161/5172] 1104 rye -> 下载完成 (尝试 1 次)
[4162/5172] 1104 tap -> 下载完成 (尝试 1 次)
[4163/5172] 1104 owl -> 下载完成 (尝试 1 次)
[4164/5172] 1104 odd -> 下载完成 (尝试 1 次)
[4165/5172] 1104 code -> 下载完成 (尝试 1 次)
[4166/5172] 1104 clay -> 下载完成 (尝试 1 次)
[4167/5172] 1104 nuts -> 下载完成 (尝试 1 次)
[4169/5172] 1104 tuna -> 下载完成 (尝试 1 次)
[4168/5172] 1104 corn -> 下载完成 (尝试 1 次)
[4170/5172] 1104 gill -> 下载完成 (尝试 1 次)
[4171/5172] 1104 molt -> 下载完成 (尝试 1 次)
[4174/5172] 1104 lace -> 下载完成 (尝试 1 次)
[4172/5172] 1104 rags -> 下载完成 (尝试 1 次)
[4173/5172] 1104 acid -> 下载完成 (尝试 1 次)
[4175/5172] 1104 arid -> 下载完成 (尝试 1 次)
[4176/5172] 1104 claw -> 下载完成 (尝试 1 次)
[4177/5172] 1104 damp -> 下载完成 (尝试 1 次)
[4179/5172] 1104 hemp -> 下载完成 (尝试 1 次)
[4178/5172] 1104 hawk -> 下载完成 (尝试 1 次)
[4181/5172] 1104 bins -> 下载完成 (尝试 1 次)
[4180/5172] 1104 herb -> 下载完成 (尝试 1 次)
[4182/5172] 1104 cave -> 下载完成 (尝试 1 次)
[4183/5172] 1104 lamb -> 下载完成 (尝试 1 次)
[4184/5172] 1104 rear -> 下载完成 (尝试 1 次)
[4185/5172] 1104 wool -> 下载完成 (尝试 1 次)
[4186/5172] 1104 turf -> 下载完成 (尝试 1 次)
[4187/5172] 1104 milk -> 下载完成 (尝试 1 次)
[4188/5172] 1104 barn -> 下载完成 (尝试 1 次)
[4189/5172] 1104 shed -> 下载完成 (尝试 1 次)
[4190/5172] 1104 plot -> 下载完成 (尝试 1 次)
[4191/5172] 1104 fund -> 下载完成 (尝试 1 次)
[4192/5172] 1104 mess -> 下载完成 (尝试 1 次)
[4194/5172] 1104 dust -> 下载完成 (尝试 1 次)
[4193/5172] 1104 gram -> 下载完成 (尝试 1 次)
[4195/5172] 1104 vent -> 下载完成 (尝试 1 次)
[4196/5172] 1104 tube -> 下载完成 (尝试 1 次)
[4197/5172] 1104 tusk -> 下载完成 (尝试 1 次)
[4198/5172] 1104 chef -> 下载完成 (尝试 1 次)
[4200/5172] 1104 item -> 下载完成 (尝试 1 次)
[4199/5172] 1104 haze -> 下载完成 (尝试 1 次)
[4201/5172] 1104 pale -> 下载完成 (尝试 1 次)
[4203/5172] 1104 clap -> 下载完成 (尝试 1 次)
[4202/5172] 1104 acre -> 下载完成 (尝试 1 次)
[4205/5172] 1104 knot -> 下载完成 (尝试 1 次)
[4204/5172] 1104 tart -> 下载完成 (尝试 1 次)
[4207/5172] 1104 bump -> 下载完成 (尝试 1 次)
[4206/5172] 1104 poem -> 下载完成 (尝试 1 次)
[4208/5172] 1104 peat -> 下载完成 (尝试 1 次)
[4209/5172] 1104 kiln -> 下载完成 (尝试 1 次)
[4212/5172] 1104 tape -> 下载完成 (尝试 1 次)
[4211/5172] 1104 riot -> 下载完成 (尝试 1 次)
[4210/5172] 1104 cast -> 下载完成 (尝试 1 次)
[4213/5172] 1104 poet -> 下载完成 (尝试 1 次)
[4214/5172] 1104 mould -> 下载完成 (尝试 1 次)
[4215/5172] 1104 herds -> 下载完成 (尝试 1 次)
[4219/5172] 1104 odour -> 下载完成 (尝试 1 次)
[4216/5172] 1104 germs -> 下载完成 (尝试 1 次)
[4218/5172] 1104 worms -> 下载完成 (尝试 1 次)
[4217/5172] 1104 stems -> 下载完成 (尝试 1 次)
[4220/5172] 1104 amber -> 下载完成 (尝试 1 次)
[4223/5172] 1104 camel -> 下载完成 (尝试 1 次)
[4225/5172] 1104 dense -> 下载完成 (尝试 1 次)
[4222/5172] 1104 nomad -> 下载完成 (尝试 1 次)
[4221/5172] 1104 peers -> 下载完成 (尝试 1 次)
[4226/5172] 1104 carts -> 下载完成 (尝试 1 次)
[4224/5172] 1104 craft -> 下载完成 (尝试 1 次)
[4227/5172] 1104 phase -> 下载完成 (尝试 1 次)
[4229/5172] 1104 apron -> 下载完成 (尝试 1 次)
[4230/5172] 1104 album -> 下载完成 (尝试 1 次)
[4232/5172] 1104 attic -> 下载完成 (尝试 1 次)
[4228/5172] 1104 spray -> 下载完成 (尝试 1 次)
[4231/5172] 1104 scary -> 下载完成 (尝试 1 次)
[4233/5172] 1104 linen -> 下载完成 (尝试 1 次)
[4234/5172] 1104 patio -> 下载完成 (尝试 1 次)
[4236/5172] 1104 beach -> 下载完成 (尝试 1 次)
[4235/5172] 1104 spice -> 下载完成 (尝试 1 次)
[4237/5172] 1104 staff -> 下载完成 (尝试 1 次)
[4238/5172] 1104 tribe -> 下载完成 (尝试 1 次)
[4239/5172] 1104 dairy -> 下载完成 (尝试 1 次)
[4240/5172] 1104 plays -> 下载完成 (尝试 1 次)
[4241/5172] 1104 kayak -> 下载完成 (尝试 1 次)
[4242/5172] 1104 pasta -> 下载完成 (尝试 1 次)
[4243/5172] 1104 panic -> 下载完成 (尝试 1 次)
[4244/5172] 1104 stork -> 下载完成 (尝试 1 次)
[4245/5172] 1104 maple -> 下载完成 (尝试 1 次)
[4247/5172] 1104 trunk -> 下载完成 (尝试 1 次)
[4246/5172] 1104 syrup -> 下载完成 (尝试 1 次)
[4248/5172] 1104 steam -> 下载完成 (尝试 1 次)
[4249/5172] 1104 ivory -> 下载完成 (尝试 1 次)
[4250/5172] 1104 steep -> 下载完成 (尝试 1 次)
[4251/5172] 1104 slope -> 下载完成 (尝试 1 次)
[4252/5172] 1104 curve -> 下载完成 (尝试 1 次)
[4253/5172] 1104 weird -> 下载完成 (尝试 1 次)
[4255/5172] 1104 orbit -> 下载完成 (尝试 1 次)
[4254/5172] 1104 diary -> 下载完成 (尝试 1 次)
[4257/5172] 1104 tempo -> 下载完成 (尝试 1 次)
[4258/5172] 1104 chord -> 下载完成 (尝试 1 次)
[4256/5172] 1104 entry -> 下载完成 (尝试 1 次)
[4259/5172] 1104 thumb -> 下载完成 (尝试 1 次)
[4261/5172] 1104 curry -> 下载完成 (尝试 1 次)
[4260/5172] 1104 stuff -> 下载完成 (尝试 1 次)
[4262/5172] 1104 prawn -> 下载完成 (尝试 1 次)
[4264/5172] 1104 melon -> 下载完成 (尝试 1 次)
[4265/5172] 1104 sushi -> 下载完成 (尝试 1 次)
[4263/5172] 1104 mango -> 下载完成 (尝试 1 次)
[4266/5172] 1104 medal -> 下载完成 (尝试 1 次)
[4267/5172] 1104 genre -> 下载完成 (尝试 1 次)
[4268/5172] 1104 stale -> 下载完成 (尝试 1 次)
[4271/5172] 1104 beige -> 下载完成 (尝试 1 次)
[4269/5172] 1104 solid -> 下载完成 (尝试 1 次)
[4270/5172] 1104 suede -> 下载完成 (尝试 1 次)
[4273/5172] 1104 organ -> 下载完成 (尝试 1 次)
[4272/5172] 1104 probe -> 下载完成 (尝试 1 次)
[4276/5172] 1104 drone -> 下载完成 (尝试 1 次)
[4274/5172] 1104 lorry -> 下载完成 (尝试 1 次)
[4275/5172] 1104 wrist -> 下载完成 (尝试 1 次)
[4277/5172] 1104 carer -> 下载完成 (尝试 1 次)
[4279/5172] 1104 queue -> 下载完成 (尝试 1 次)
[4278/5172] 1104 surge -> 下载完成 (尝试 1 次)
[4280/5172] 1104 pitch -> 下载完成 (尝试 1 次)
[4282/5172] 1104 drugs -> 下载完成 (尝试 1 次)
[4281/5172] 1104 fatal -> 下载完成 (尝试 1 次)
[4285/5172] 1104 lions -> 下载完成 (尝试 1 次)
[4284/5172] 1104 greek -> 下载完成 (尝试 1 次)
[4283/5172] 1104 depth -> 下载完成 (尝试 1 次)
[4286/5172] 1104 taxes -> 下载完成 (尝试 1 次)
[4287/5172] 1104 arrows -> 下载完成 (尝试 1 次)
[4288/5172] 1104 spears -> 下载完成 (尝试 1 次)
[4290/5172] 1104 postal -> 下载完成 (尝试 1 次)
[4289/5172] 1104 retail -> 下载完成 (尝试 1 次)
[4291/5172] 1104 random -> 下载完成 (尝试 1 次)
[4292/5172] 1104 cliffs -> 下载完成 (尝试 1 次)
[4293/5172] 1104 fluids -> 下载完成 (尝试 1 次)
[4295/5172] 1104 mammal -> 下载完成 (尝试 1 次)
[4294/5172] 1104 kidney -> 下载完成 (尝试 1 次)
[4296/5172] 1104 powder -> 下载完成 (尝试 1 次)
[4297/5172] 1104 tunnel -> 下载完成 (尝试 1 次)
[4298/5172] 1104 cables -> 下载完成 (尝试 1 次)
[4299/5172] 1104 oyster -> 下载完成 (尝试 1 次)
[4300/5172] 1104 cement -> 下载完成 (尝试 1 次)
[4302/5172] 1104 boiler -> 下载完成 (尝试 1 次)
[4301/5172] 1104 reward -> 下载完成 (尝试 1 次)
[4303/5172] 1104 desert -> 下载完成 (尝试 1 次)
[4304/5172] 1104 lizard -> 下载完成 (尝试 1 次)
[4305/5172] 1104 bubble -> 下载完成 (尝试 1 次)
[4307/5172] 1104 varied -> 下载完成 (尝试 1 次)
[4306/5172] 1104 robots -> 下载完成 (尝试 1 次)
[4308/5172] 1104 planet -> 下载完成 (尝试 1 次)
[4310/5172] 1104 fossil -> 下载完成 (尝试 1 次)
[4309/5172] 1104 slaves -> 下载完成 (尝试 1 次)
[4311/5172] 1104 pumice -> 下载完成 (尝试 1 次)
[4312/5172] 1104 nectar -> 下载完成 (尝试 1 次)
[4314/5172] 1104 colony -> 下载完成 (尝试 1 次)
[4313/5172] 1104 canals -> 下载完成 (尝试 1 次)
[4317/5172] 1104 sandal -> 下载完成 (尝试 1 次)
[4315/5172] 1104 rumour -> 下载完成 (尝试 1 次)
[4316/5172] 1104 faulty -> 下载完成 (尝试 1 次)
[4319/5172] 1104 packet -> 下载完成 (尝试 1 次)
[4320/5172] 1104 agenda -> 下载完成 (尝试 1 次)
[4318/5172] 1104 ardent -> 下载完成 (尝试 1 次)
[4321/5172] 1104 voyage -> 下载完成 (尝试 1 次)
[4323/5172] 1104 prayer -> 下载完成 (尝试 1 次)
[4322/5172] 1104 litter -> 下载完成 (尝试 1 次)
[4325/5172] 1104 prison -> 下载完成 (尝试 1 次)
[4326/5172] 1104 design -> 下载完成 (尝试 1 次)
[4324/5172] 1104 mental -> 下载完成 (尝试 1 次)[4471/5172] 1104 car tax -> 下载失败: HTTP 404

[4327/5172] 1104 owners -> 下载完成 (尝试 1 次)
[4328/5172] 1104 appeal -> 下载完成 (尝试 1 次)
[4329/5172] 1104 secure -> 下载完成 (尝试 1 次)
[4333/5172] 1104 waffle -> 下载完成 (尝试 1 次)
[4330/5172] 1104 expert -> 下载完成 (尝试 1 次)
[4332/5172] 1104 hockey -> 下载完成 (尝试 1 次)
[4331/5172] 1104 vacuum -> 下载完成 (尝试 1 次)
[4334/5172] 1104 pastry -> 下载完成 (尝试 1 次)
[4335/5172] 1104 bucket -> 下载完成 (尝试 1 次)
[4338/5172] 1104 famine -> 下载完成 (尝试 1 次)
[4337/5172] 1104 impact -> 下载完成 (尝试 1 次)
[4336/5172] 1104 clinic -> 下载完成 (尝试 1 次)
[4339/5172] 1104 string -> 下载完成 (尝试 1 次)
[4340/5172] 1104 signal -> 下载完成 (尝试 1 次)
[4341/5172] 1104 census -> 下载完成 (尝试 1 次)
[4344/5172] 1104 clumsy -> 下载完成 (尝试 1 次)
[4342/5172] 1104 debris -> 下载完成 (尝试 1 次)
[4343/5172] 1104 verbal -> 下载完成 (尝试 1 次)
[4346/5172] 1104 solemn -> 下载完成 (尝试 1 次)
[4345/5172] 1104 genius -> 下载完成 (尝试 1 次)
[4349/5172] 1104 rhythm -> 下载完成 (尝试 1 次)
[4347/5172] 1104 lounge -> 下载完成 (尝试 1 次)
[4348/5172] 1104 gravel -> 下载完成 (尝试 1 次)
[4350/5172] 1104 salmon -> 下载完成 (尝试 1 次)
[4351/5172] 1104 poplar -> 下载完成 (尝试 1 次)
[4354/5172] 1104 asthma -> 下载完成 (尝试 1 次)
[4352/5172] 1104 vision -> 下载完成 (尝试 1 次)
[4353/5172] 1104 sailor -> 下载完成 (尝试 1 次)
[4357/5172] 1104 pellet -> 下载完成 (尝试 1 次)
[4355/5172] 1104 sensor -> 下载完成 (尝试 1 次)
[4356/5172] 1104 gluten -> 下载完成 (尝试 1 次)
[4358/5172] 1104 cavity -> 下载完成 (尝试 1 次)
[4360/5172] 1104 potter -> 下载完成 (尝试 1 次)
[4359/5172] 1104 thread -> 下载完成 (尝试 1 次)
[4361/5172] 1104 neuron -> 下载完成 (尝试 1 次)
[4363/5172] 1104 staple -> 下载完成 (尝试 1 次)
[4362/5172] 1104 filthy -> 下载完成 (尝试 1 次)
[4364/5172] 1104 brooch -> 下载完成 (尝试 1 次)
[4365/5172] 1104 border -> 下载完成 (尝试 1 次)
[4366/5172] 1104 refund -> 下载完成 (尝试 1 次)
[4367/5172] 1104 armour -> 下载完成 (尝试 1 次)
[4368/5172] 1104 league -> 下载完成 (尝试 1 次)
[4370/5172] 1104 rodent -> 下载完成 (尝试 1 次)
[4371/5172] 1104 purple -> 下载完成 (尝试 1 次)
[4372/5172] 1104 prompt -> 下载完成 (尝试 1 次)
[4369/5172] 1104 script -> 下载完成 (尝试 1 次)
[4374/5172] 1104 accept -> 下载完成 (尝试 1 次)
[4373/5172] 1104 autism -> 下载完成 (尝试 1 次)
[4375/5172] 1104 rivals -> 下载完成 (尝试 1 次)
[4376/5172] 1104 timber -> 下载完成 (尝试 1 次)
[4377/5172] 1104 lonely -> 下载完成 (尝试 1 次)
[4378/5172] 1104 magnet -> 下载完成 (尝试 1 次)
[4379/5172] 1104 wealth -> 下载完成 (尝试 1 次)
[4380/5172] 1104 saliva -> 下载完成 (尝试 1 次)
[4382/5172] 1104 coconut -> 下载完成 (尝试 1 次)
[4381/5172] 1104 maximum -> 下载完成 (尝试 1 次)
[4383/5172] 1104 elastic -> 下载完成 (尝试 1 次)
[4386/5172] 1104 passive -> 下载完成 (尝试 1 次)
[4385/5172] 1104 emotion -> 下载完成 (尝试 1 次)
[4384/5172] 1104 insects -> 下载完成 (尝试 1 次)
[4388/5172] 1104 seminar -> 下载完成 (尝试 1 次)
[4387/5172] 1104 gravity -> 下载完成 (尝试 1 次)
[4389/5172] 1104 drought -> 下载完成 (尝试 1 次)
[4391/5172] 1104 genetic -> 下载完成 (尝试 1 次)
[4390/5172] 1104 erosion -> 下载完成 (尝试 1 次)
[4392/5172] 1104 density -> 下载完成 (尝试 1 次)
[4394/5172] 1104 breathe -> 下载完成 (尝试 1 次)
[4393/5172] 1104 therapy -> 下载完成 (尝试 1 次)
[4398/5172] 1104 protein -> 下载完成 (尝试 1 次)
[4395/5172] 1104 mapping -> 下载完成 (尝试 1 次)
[4396/5172] 1104 pirates -> 下载完成 (尝试 1 次)
[4397/5172] 1104 carpets -> 下载完成 (尝试 1 次)
[4400/5172] 1104 rainbow -> 下载完成 (尝试 1 次)
[4399/5172] 1104 willing -> 下载完成 (尝试 1 次)
[4401/5172] 1104 shrimps -> 下载完成 (尝试 1 次)
[4402/5172] 1104 passion -> 下载完成 (尝试 1 次)
[4404/5172] 1104 flavour -> 下载完成 (尝试 1 次)
[4403/5172] 1104 ethnics -> 下载完成 (尝试 1 次)
[4405/5172] 1104 emperor -> 下载完成 (尝试 1 次)
[4406/5172] 1104 chemist -> 下载完成 (尝试 1 次)
[4407/5172] 1104 shelter -> 下载完成 (尝试 1 次)
[4408/5172] 1104 session -> 下载完成 (尝试 1 次)
[4409/5172] 1104 ribbons -> 下载完成 (尝试 1 次)
[4410/5172] 1104 notable -> 下载完成 (尝试 1 次)
[4411/5172] 1104 cereals -> 下载完成 (尝试 1 次)
[4412/5172] 1104 eclipse -> 下载完成 (尝试 1 次)
[4413/5172] 1104 cushion -> 下载完成 (尝试 1 次)
[4414/5172] 1104 durable -> 下载完成 (尝试 1 次)
[4416/5172] 1104 ethical -> 下载完成 (尝试 1 次)
[4415/5172] 1104 fragile -> 下载完成 (尝试 1 次)
[4417/5172] 1104 obesity -> 下载完成 (尝试 1 次)
[4418/5172] 1104 texture -> 下载完成 (尝试 1 次)
[4419/5172] 1104 nucleus -> 下载完成 (尝试 1 次)
[4422/5172] 1104 intense -> 下载完成 (尝试 1 次)
[4421/5172] 1104 barrier -> 下载完成 (尝试 1 次)
[4423/5172] 1104 tractor -> 下载完成 (尝试 1 次)
[4424/5172] 1104 garment -> 下载完成 (尝试 1 次)
[4425/5172] 1104 railing -> 下载完成 (尝试 1 次)
[4426/5172] 1104 initial -> 下载完成 (尝试 1 次)
[4427/5172] 1104 setting -> 下载完成 (尝试 1 次)
[4429/5172] 1104 hobbies -> 下载完成 (尝试 1 次)
[4420/5172] 1104 cuisine -> 下载完成 (尝试 1 次)
[4428/5172] 1104 arrange -> 下载完成 (尝试 1 次)
[4430/5172] 1104 reviews -> 下载完成 (尝试 1 次)
[4431/5172] 1104 costume -> 下载完成 (尝试 1 次)
[4432/5172] 1104 content -> 下载完成 (尝试 1 次)
[4433/5172] 1104 wetsuit -> 下载完成 (尝试 1 次)
[4435/5172] 1104 bizarre -> 下载完成 (尝试 1 次)
[4434/5172] 1104 sponsor -> 下载完成 (尝试 1 次)
[4436/5172] 1104 plumber -> 下载完成 (尝试 1 次)
[4437/5172] 1104 brewery -> 下载完成 (尝试 1 次)
[4438/5172] 1104 cricket -> 下载完成 (尝试 1 次)
[4440/5172] 1104 partial -> 下载完成 (尝试 1 次)
[4439/5172] 1104 leather -> 下载完成 (尝试 1 次)
[4441/5172] 1104 comment -> 下载完成 (尝试 1 次)
[4443/5172] 1104 poacher -> 下载完成 (尝试 1 次)
[4442/5172] 1104 crucial -> 下载完成 (尝试 1 次)
[4446/5172] 1104 gallery -> 下载完成 (尝试 1 次)
[4444/5172] 1104 fallout -> 下载完成 (尝试 1 次)
[4447/5172] 1104 origami -> 下载完成 (尝试 1 次)
[4445/5172] 1104 stylish -> 下载完成 (尝试 1 次)
[4448/5172] 1104 shadowy -> 下载完成 (尝试 1 次)
[4451/5172] 1104 pancake -> 下载完成 (尝试 1 次)
[4449/5172] 1104 hectare -> 下载完成 (尝试 1 次)
[4450/5172] 1104 seaweed -> 下载完成 (尝试 1 次)
[4453/5172] 1104 swimmer -> 下载完成 (尝试 1 次)
[4452/5172] 1104 surgery -> 下载完成 (尝试 1 次)
[4454/5172] 1104 magical -> 下载完成 (尝试 1 次)
[4455/5172] 1104 podcast -> 下载完成 (尝试 1 次)
[4457/5172] 1104 toddler -> 下载完成 (尝试 1 次)
[4456/5172] 1104 scruffy -> 下载完成 (尝试 1 次)
[4459/5172] 1104 paddock -> 下载完成 (尝试 1 次)
[4458/5172] 1104 acidity -> 下载完成 (尝试 1 次)
[4462/5172] 1104 capture -> 下载完成 (尝试 1 次)
[4460/5172] 1104 precise -> 下载完成 (尝试 1 次)
[4461/5172] 1104 suction -> 下载完成 (尝试 1 次)
[4464/5172] 1104 insight -> 下载完成 (尝试 1 次)
[4465/5172] 1104 cholera -> 下载完成 (尝试 1 次)
[4466/5172] 1104 avocado -> 下载完成 (尝试 1 次)
[4467/5172] 1104 fishery -> 下载完成 (尝试 1 次)
[4468/5172] 1104 penalty -> 下载完成 (尝试 1 次)
[4469/5172] 1104 cursive -> 下载完成 (尝试 1 次)
[4470/5172] 1104 revenue -> 下载完成 (尝试 1 次)
[4472/5172] 1104 factual -> 下载完成 (尝试 1 次)
[4473/5172] 1104 symptom -> 下载完成 (尝试 1 次)
[4474/5172] 1104 textile -> 下载完成 (尝试 1 次)
[4475/5172] 1104 purpose -> 下载完成 (尝试 1 次)
[4477/5172] 1104 whistle -> 下载完成 (尝试 1 次)[4584/5172] 1104 bar code -> 下载失败: HTTP 404
[4585/5172] 1104 law firm -> 下载失败: HTTP 404
[4586/5172] 1104 car park -> 下载失败: HTTP 404
[4587/5172] 1104 bus tour -> 下载失败: HTTP 404
[4599/5172] 1104 gum tree -> 下载失败: HTTP 404
[4601/5172] 1104 olive oil -> 下载失败: HTTP 404
[4600/5172] 1104 no change -> 下载失败: HTTP 404
[4602/5172] 1104 goat skin -> 下载失败: HTTP 404
[4603/5172] 1104 green tax -> 下载失败: HTTP 404
[4604/5172] 1104 open roof -> 下载失败: HTTP 404
[4605/5172] 1104 sand base -> 下载失败: HTTP 404
[4606/5172] 1104 plant pot -> 下载失败: HTTP 404
[4607/5172] 1104 jet black -> 下载失败: HTTP 404
[4608/5172] 1104 fur seals -> 下载失败: HTTP 404
[4609/5172] 1104 fish bone -> 下载失败: HTTP 404

[4476/5172] 1104 complex -> 下载完成 (尝试 1 次)
[4478/5172] 1104 mixture -> 下载完成 (尝试 1 次)
[4480/5172] 1104 critics -> 下载完成 (尝试 1 次)
[4479/5172] 1104 symbols -> 下载完成 (尝试 1 次)
[4481/5172] 1104 trumpet -> 下载完成 (尝试 1 次)
[4482/5172] 1104 pottery -> 下载完成 (尝试 1 次)
[4483/5172] 1104 vertical -> 下载完成 (尝试 1 次)
[4484/5172] 1104 seasonal -> 下载完成 (尝试 1 次)
[4485/5172] 1104 shipping -> 下载完成 (尝试 1 次)
[4486/5172] 1104 critical -> 下载完成 (尝试 1 次)
[4487/5172] 1104 maturity -> 下载完成 (尝试 1 次)
[4489/5172] 1104 triangle -> 下载完成 (尝试 1 次)
[4488/5172] 1104 navigate -> 下载完成 (尝试 1 次)
[4490/5172] 1104 soldiers -> 下载完成 (尝试 1 次)
[4491/5172] 1104 concrete -> 下载完成 (尝试 1 次)
[4492/5172] 1104 lifespan -> 下载完成 (尝试 1 次)
[4493/5172] 1104 portable -> 下载完成 (尝试 1 次)
[4494/5172] 1104 perfumes -> 下载完成 (尝试 1 次)
[4495/5172] 1104 bacteria -> 下载完成 (尝试 1 次)
[4496/5172] 1104 morality -> 下载完成 (尝试 1 次)
[4498/5172] 1104 guessing -> 下载完成 (尝试 1 次)
[4497/5172] 1104 humidity -> 下载完成 (尝试 1 次)
[4499/5172] 1104 literacy -> 下载完成 (尝试 1 次)
[4500/5172] 1104 rational -> 下载完成 (尝试 1 次)
[4501/5172] 1104 instinct -> 下载完成 (尝试 1 次)
[4503/5172] 1104 lighting -> 下载完成 (尝试 1 次)
[4502/5172] 1104 drawback -> 下载完成 (尝试 1 次)
[4505/5172] 1104 moisture -> 下载完成 (尝试 1 次)
[4507/5172] 1104 tropical -> 下载完成 (尝试 1 次)
[4508/5172] 1104 quantity -> 下载完成 (尝试 1 次)
[4504/5172] 1104 teaspoon -> 下载完成 (尝试 1 次)
[4506/5172] 1104 standard -> 下载完成 (尝试 1 次)
[4509/5172] 1104 enormous -> 下载完成 (尝试 1 次)
[4512/5172] 1104 original -> 下载完成 (尝试 1 次)
[4511/5172] 1104 charcoal -> 下载完成 (尝试 1 次)
[4510/5172] 1104 numerous -> 下载完成 (尝试 1 次)
[4513/5172] 1104 mobility -> 下载完成 (尝试 1 次)
[4514/5172] 1104 pharmacy -> 下载完成 (尝试 1 次)
[4515/5172] 1104 virtuous -> 下载完成 (尝试 1 次)
[4517/5172] 1104 knitting -> 下载完成 (尝试 1 次)
[4518/5172] 1104 pavilion -> 下载完成 (尝试 1 次)
[4516/5172] 1104 catering -> 下载完成 (尝试 1 次)
[4519/5172] 1104 skeleton -> 下载完成 (尝试 1 次)
[4520/5172] 1104 jealousy -> 下载完成 (尝试 1 次)
[4522/5172] 1104 hardship -> 下载完成 (尝试 1 次)
[4521/5172] 1104 profound -> 下载完成 (尝试 1 次)
[4523/5172] 1104 emission -> 下载完成 (尝试 1 次)
[4524/5172] 1104 identify -> 下载完成 (尝试 1 次)
[4525/5172] 1104 woodwork -> 下载完成 (尝试 1 次)
[4526/5172] 1104 lunchbox -> 下载完成 (尝试 1 次)
[4527/5172] 1104 entrance -> 下载完成 (尝试 1 次)
[4528/5172] 1104 carvings -> 下载完成 (尝试 1 次)
[4529/5172] 1104 patients -> 下载完成 (尝试 1 次)
[4531/5172] 1104 servants -> 下载完成 (尝试 1 次)
[4530/5172] 1104 politics -> 下载完成 (尝试 1 次)
[4532/5172] 1104 parkland -> 下载完成 (尝试 1 次)
[4533/5172] 1104 analysis -> 下载完成 (尝试 1 次)
[4534/5172] 1104 conflict -> 下载完成 (尝试 1 次)
[4535/5172] 1104 parental -> 下载完成 (尝试 1 次)
[4538/5172] 1104 tangible -> 下载完成 (尝试 1 次)
[4537/5172] 1104 turnover -> 下载完成 (尝试 1 次)
[4536/5172] 1104 ultimate -> 下载完成 (尝试 1 次)
[4539/5172] 1104 prospect -> 下载完成 (尝试 1 次)
[4540/5172] 1104 exposure -> 下载完成 (尝试 1 次)
[4541/5172] 1104 diameter -> 下载完成 (尝试 1 次)
[4542/5172] 1104 nutrient -> 下载完成 (尝试 1 次)
[4543/5172] 1104 recovery -> 下载完成 (尝试 1 次)
[4544/5172] 1104 resident -> 下载完成 (尝试 1 次)
[4546/5172] 1104 dramatic -> 下载完成 (尝试 1 次)
[4547/5172] 1104 operator -> 下载完成 (尝试 1 次)
[4545/5172] 1104 eruption -> 下载完成 (尝试 1 次)
[4548/5172] 1104 interior -> 下载完成 (尝试 1 次)
[4549/5172] 1104 rucksack -> 下载完成 (尝试 1 次)
[4550/5172] 1104 shepherd -> 下载完成 (尝试 1 次)
[4551/5172] 1104 fraction -> 下载完成 (尝试 1 次)
[4552/5172] 1104 symmetry -> 下载完成 (尝试 1 次)
[4553/5172] 1104 literary -> 下载完成 (尝试 1 次)
[4555/5172] 1104 sickness -> 下载完成 (尝试 1 次)
[4556/5172] 1104 hopeless -> 下载完成 (尝试 1 次)
[4554/5172] 1104 portrait -> 下载完成 (尝试 1 次)
[4557/5172] 1104 barbecue -> 下载完成 (尝试 1 次)
[4558/5172] 1104 northern -> 下载完成 (尝试 1 次)
[4560/5172] 1104 incident -> 下载完成 (尝试 1 次)
[4561/5172] 1104 chickpea -> 下载完成 (尝试 1 次)
[4559/5172] 1104 generous -> 下载完成 (尝试 1 次)
[4562/5172] 1104 takeaway -> 下载完成 (尝试 1 次)
[4563/5172] 1104 footwear -> 下载完成 (尝试 1 次)
[4564/5172] 1104 trainers -> 下载完成 (尝试 1 次)
[4565/5172] 1104 marathon -> 下载完成 (尝试 1 次)
[4566/5172] 1104 hardback -> 下载完成 (尝试 1 次)
[4567/5172] 1104 fragment -> 下载完成 (尝试 1 次)
[4569/5172] 1104 particle -> 下载完成 (尝试 1 次)
[4568/5172] 1104 rotation -> 下载完成 (尝试 1 次)
[4570/5172] 1104 invasive -> 下载完成 (尝试 1 次)
[4571/5172] 1104 artefact -> 下载完成 (尝试 1 次)
[4572/5172] 1104 dementia -> 下载完成 (尝试 1 次)
[4574/5172] 1104 eligible -> 下载完成 (尝试 1 次)
[4575/5172] 1104 epidemic -> 下载完成 (尝试 1 次)
[4573/5172] 1104 solitude -> 下载完成 (尝试 1 次)
[4577/5172] 1104 campaign -> 下载完成 (尝试 1 次)
[4576/5172] 1104 syllabus -> 下载完成 (尝试 1 次)
[4578/5172] 1104 delicacy -> 下载完成 (尝试 1 次)
[4579/5172] 1104 superior -> 下载完成 (尝试 1 次)
[4581/5172] 1104 hygienic -> 下载完成 (尝试 1 次)
[4580/5172] 1104 playbill -> 下载完成 (尝试 1 次)
[4582/5172] 1104 pregnant -> 下载完成 (尝试 1 次)
[4583/5172] 1104 scenario -> 下载完成 (尝试 1 次)
[4588/5172] 1104 auditory -> 下载完成 (尝试 1 次)
[4589/5172] 1104 intimate -> 下载完成 (尝试 1 次)
[4590/5172] 1104 beetroot -> 下载完成 (尝试 1 次)
[4591/5172] 1104 autistic -> 下载完成 (尝试 1 次)
[4592/5172] 1104 additive -> 下载完成 (尝试 1 次)
[4593/5172] 1104 consumer -> 下载完成 (尝试 1 次)
[4594/5172] 1104 remember -> 下载完成 (尝试 1 次)
[4595/5172] 1104 commerce -> 下载完成 (尝试 1 次)
[4596/5172] 1104 dominant -> 下载完成 (尝试 1 次)
[4597/5172] 1104 receiver -> 下载完成 (尝试 1 次)
[4463/5172] 1104 malaria -> 下载完成 (尝试 2 次)
[4598/5172] 1104 feathers -> 下载完成 (尝试 1 次)
[4610/5172] 1104 cold-room -> 下载完成 (尝试 1 次)
[4612/5172] 1104 coastline -> 下载完成 (尝试 1 次)
[4613/5172] 1104 cognition -> 下载完成 (尝试 1 次)
[4611/5172] 1104 decisions -> 下载完成 (尝试 1 次)
[4614/5172] 1104 connected -> 下载完成 (尝试 1 次)
[4615/5172] 1104 obstacles -> 下载完成 (尝试 1 次)
[4616/5172] 1104 digestion -> 下载完成 (尝试 1 次)
[4620/5172] 1104 packaging -> 下载完成 (尝试 1 次)
[4618/5172] 1104 toothache -> 下载完成 (尝试 1 次)
[4617/5172] 1104 furniture -> 下载完成 (尝试 1 次)
[4619/5172] 1104 cosmetics -> 下载完成 (尝试 1 次)
[4622/5172] 1104 tolerance -> 下载完成 (尝试 1 次)
[4621/5172] 1104 migration -> 下载完成 (尝试 1 次)
[4624/5172] 1104 diversity -> 下载完成 (尝试 1 次)
[4623/5172] 1104 predators -> 下载完成 (尝试 1 次)
[4625/5172] 1104 landmarks -> 下载完成 (尝试 1 次)
[4626/5172] 1104 conscious -> 下载完成 (尝试 1 次)
[4628/5172] 1104 physician -> 下载完成 (尝试 1 次)
[4627/5172] 1104 luxurious -> 下载完成 (尝试 1 次)
[4629/5172] 1104 outbreaks -> 下载完成 (尝试 1 次)
[4630/5172] 1104 ecologist -> 下载完成 (尝试 1 次)
[4631/5172] 1104 windmills -> 下载完成 (尝试 1 次)
[4632/5172] 1104 retailing -> 下载完成 (尝试 1 次)
[4633/5172] 1104 explosion -> 下载完成 (尝试 1 次)
[4634/5172] 1104 livestock -> 下载完成 (尝试 1 次)
[4635/5172] 1104 stability -> 下载完成 (尝试 1 次)
[4636/5172] 1104 mechanism -> 下载完成 (尝试 1 次)
[4637/5172] 1104 courtyard -> 下载完成 (尝试 1 次)
[4638/5172] 1104 rationale -> 下载完成 (尝试 1 次)
[4639/5172] 1104 relevance -> 下载完成 (尝试 1 次)
[4640/5172] 1104 sweetener -> 下载完成 (尝试 1 次)
[4641/5172] 1104 animation -> 下载完成 (尝试 1 次)
[4643/5172] 1104 cardboard -> 下载完成 (尝试 1 次)
[4644/5172] 1104 maternity -> 下载完成 (尝试 1 次)
[4642/5172] 1104 machinery -> 下载完成 (尝试 1 次)
[4645/5172] 1104 dominance -> 下载完成 (尝试 1 次)
[4646/5172] 1104 placement -> 下载完成 (尝试 1 次)
[4647/5172] 1104 sufferers -> 下载完成 (尝试 1 次)
[4651/5172] 1104 retention -> 下载完成 (尝试 1 次)
[4649/5172] 1104 casserole -> 下载完成 (尝试 1 次)
[4648/5172] 1104 interpret -> 下载完成 (尝试 1 次)
[4650/5172] 1104 spectator -> 下载完成 (尝试 1 次)
[4652/5172] 1104 rewarding -> 下载完成 (尝试 1 次)
[4653/5172] 1104 criterion -> 下载完成 (尝试 1 次)
